Unit,Gd Pt,Plot Size,Plot,Size Cl,Hw,Cw,Sx,Pl,Bl,Ba,Ep,At,Ac,dead Hw,deadCw,deadSx,deadPl,deadBl,deadBa,deadEp,deadAt,deadAc,
A1,A000,1.78,I,0-4 cm,,2,,,,,,,,,,,,,,,,,
A1,A000,1.78,S,0-1.3 m,,,,,,,,,,,,,,,,,,,
A1,B150,2.52,I,0-4 cm,3,1,1,,,,,,,,,,,,,,,,
A1,B150,2.52,S,0-1.3 m,2,,,,,,,,,,,,,,,,,,
A1,B050,1.26,I,0-4 cm,,,,,,,,,,,,,,,,,,,
A1,B050,1.26,S,0-1.3 m,1,2,,,,,,,,,,,,,,,,,
A1,C150,1.78,I,0-4 cm,4,1,,,,,,,,,,,,,,,,,
A1,C150,1.78,S,0-1.3 m,3,2,,,,,,,,,,,,,,,,,
A1,C250,2.52,I,0-4 cm,1,,,,,,,,,,,,,,,,,,
A1,C250,2.52,S,0-1.3 m,3,3,,,,,,,,,,,,,,,,,
A1,C050,1.78,I,0-4 cm,,2,1,,,1,,,,,,,,,,,,,
A1,C050,1.78,S,0-1.3 m,2,,1,,,,,,,,,,,,,,,,
A1,D000,1.78,I,0-4 cm,1,,4,,,,,,,,,,1,,,,,,
A1,D000,1.78,S,0-1.3 m,4,,,,,,,,,,,,,,,,,,
A1,D100,2.52,I,0-4 cm,4,4,2,,,,,,,,,,,,,,,,
A1,D100,2.52,S,0-1.3 m,4,16,4,,,,,,,,,,,,,,,,
A1,D200,1.26,I,0-4 cm,2,5,,1,,,,,,,,,,,,,,,
A1,D200,1.26,S,0-1.3 m,3,2,,,,,,,,,,,,,,,,,
A1,E000,0.8,I,0-4 cm,2,1,,,,,,,,,,,,,,,,,
A1,E000,0.8,S,0-1.3 m,,1,1,,,,,,,,,,,,,,,,
A1,E150,1.26,I,0-4 cm,0,,,,,,,,,,,,,,,,,,
A1,E150,1.26,S,0-1.3 m,0,,,,,,,,,,,,,,,,,,
A1,E250,2.52,I,0-4 cm,,,,,,,,,,,,,,,,,,,
A1,E250,2.52,S,0-1.3 m,1,1,,,1,,,,,,,,,,,,,,
A1,F150,1.78,I,0-4 cm,0,,,,,,,,,,,,,,,,,,
A1,F150,1.78,S,0-1.3 m,0,1,,,,,,,,,,,,,,,,,
A1,F300,1.78,I,0-4 cm,1,,,,,,,,,,,,,,,,,,
A1,F300,1.78,S,0-1.3 m,1,1,,,,,,,,,,,,,,,,,
A1,F050,2.52,I,0-4 cm,1,1,,,,,,,,,,,,,,,,,
A1,F050,2.52,S,0-1.3 m,3,5,,,,,,,,,,,,,,,,,
A1,G150,2.52,I,0-4 cm,1,,,,,,,,1,,,,,,,,,,
A1,G150,2.52,S,0-1.3 m,1,2,,,,,,,,,,,,,,,,,
A1,G250,0.8,I,0-4 cm,4,,,,,,,,,,,,,,,,,,
A1,G250,0.8,S,0-1.3 m,1,3,,,,,,,,,,,,,,,,,
A1,G050,3.99,I,0-4 cm,5,6,6,1,,,,,4,,,,,,,,,,
A1,G050,3.99,S,0-1.3 m,3,3,1,,,,,,,,,,,,,,,,
A1,H100,2.52,I,0-4 cm,1,1,,,,,,,,,,,,,,,,,
A1,H100,2.52,S,0-1.3 m,2,2,1,,,,,,,,,,,,,,,,
A1,H200,2.52,I,0-4 cm,,,,,,,2,,,,,,,,,,,,
A1,H200,2.52,S,0-1.3 m,1,,,,,,,,,,,,,,,,,,
A2,A050,1.26,I,0-4 cm,3,,1,,,,,,,,,,,,,,,,
A2,A050,1.26,S,0-1.3 m,12,,,,,,,,,2,,1,,,,,,,
A2,B050,3.99,I,0-4 cm,4,7,,,,,,,,,1,,,,,,,,
A2,B050,3.99,S,0-1.3 m,10,7,,,,,,,,,,,,,,,,,
A2,B150,3.99,I,0-4 cm,1,,,,,,,,,,,,,,,,,,
A2,B150,3.99,S,0-1.3 m,22,7,,,,,,,,,,,,,,,,,
A2,C000,2.52,I,0-4 cm,4,,,,,,,,,,,,,,,,,,
A2,C000,2.52,S,0-1.3 m,48,4,1,,,,,,,,1,1,,,,,,,
A2,C100,2.52,I,0-4 cm,2,5,,,,,,,,,,,,,,,,,
A2,C100,2.52,S,0-1.3 m,14,10,,,,,,,,,,,,,,,,,
A2,D050,3.99,I,0-4 cm,1,2,,,,,,,,9,1,,,,,,,,
A2,D050,3.99,S,0-1.3 m,6,,,,,,,,,2,1,,,,,,,,
A2,D200,3.99,I,0-4 cm,20,,1,,,,,,,,,1,,,,,,,
A2,D200,3.99,S,0-1.3 m,70,1,1,,,,,,,,,,,,,,,,
A2,E050,5.64,I,0-4 cm,6,3,1,,,,1,,,,1,,,,,,,,
A2,E050,5.64,S,0-1.3 m,28,9,1,,,,,,,,,,,,,,,,
A2,E200,3.99,I,0-4 cm,2,,,,,,,,,,,,,,,,,,
A2,E200,3.99,S,0-1.3 m,39,,,,,,,,,,,,,,,,,,
A2,F000,3.99,I,0-4 cm,,,,,,,,,,,,,,,,,,,
A2,F000,3.99,S,0-1.3 m,20,1,2,,,,,,,,,,,,,,,,
A2,F100,5.64,I,0-4 cm,,,,,,,,,,,,,,,,,,,
A2,F100,5.64,S,0-1.3 m,23,1,,,,,,,,2,2,,,,,,,,
A2,F250,1.78,I,0-4 cm,4,,,,,,,,,,,,,,,,,,
A2,F250,1.78,S,0-1.3 m,16,,1,,,,,,,,,,,,,,,,
A2,G000,1.26,I,0-4cm,12,,,,,,,,,,,,,,,,,,
A2,G000,1.26,S,0-1.3 m,17,,,,,,,,,,,,,,,,,,
A2,G100,3.99,I,0-4cm,,,,,,,,,,,,,,,,,,,
A2,G100,3.99,S,0-1.3 m,15,,,,,,,,,,,,,,,,,,
A2,G250,2.52,I,0-4 cm,27,,,,,,,,,,,,,,,,,,
A2,G250,2.52,S,0-1.3 m,21,,,,,,,,,,,,,,,,,,
A2,H050,1.26,I,0-4 cm,16,,,,,,,,,,,,,,,,,,
A2,H050,1.26,S,0-1.3 m,10,,,,,,,,,5,,,,,,,,,
A2,H150,3.99,I,0-4 cm,0,,,,,,,,,,,,,,,,,,
A2,H150,3.99,S,0-1.3 m,0,,,,,,,,,,,,,,,,,,
A2,H250,2.52,I,0-4 cm,,,1,,,,,,,,,,,,,,,,
A2,H250,2.52,S,0-1.3 m,76,,1,,,,,,,,,,,,,,,,
A2,H350,3.99,I,0-4 cm,6,2,,,,,,,,,,,,,,,,,
A2,H350,3.99,S,0-1.3 m,77,7,,,,,,,,,1,,,,,,,,
A2,I050,3.99,I,0-4 cm,,,,,,,,,,,,,,,,,,,
A2,I050,3.99,S,0-1.3 m,28,9,,,,,,,,1,,,,,,,,,
A2,I150,3.99,I,0-4 cm,,1,,,,,,,,,,,,,,,,,
A2,I150,3.99,S,0-1.3 m,,,,,,,,,,,,,,,,,,,
A2,I250,2.52,I,0-4 cm,10,1,1,,,,,,,,,,,,,,,,
A2,I250,2.52,S,0-1.3 m,29,1,,,,,,,,,,,,,,,,,
A2,I350,5.64,I,0-4 cm,0,,,,,,,,,,,,,,,,,,
A2,I350,5.64,S,0-1.3 m,0,,,,,,,,,,,,,,,,,,
A2,J050,3.99,I,0-4 cm,9,,,,,,,,,,,,,,,,,,
A2,J050,3.99,S,0-1.3 m,33,5,,,,,,,,,,,,,,,,,
A2,J150,3.99,I,0-4 cm, ,2,,,,,,,,,,,,,,,,,
A2,J150,3.99,S,0-1.3 m,,5,,,,,,,,,,,,,,,,,
A2,J250,3.99,I,0-4 cm,,,,,,,,,,,,,,,,,,,
A2,J250,3.99,S,0-1.3 m,,9,,,,,,,,,,,,,,,,,
A2,K050,1.26,I,0-4 cm,8,1,,,,,,,,,,,,,,,,,
A2,K050,1.26,S,0-1.3 m,27,5,,,,,,,,,,,,,,,,,
A2,K150,3.99,I,0-4 cm,,1,,,,,,,,,,,,,,,,,
A2,K150,3.99,S,0-1.3 m,,,,,,,,,,,,,,,,,,,
A2,L000,2.52,I,0-4 cm,4,,,,,,,,,,,,,,,,,,
A2,L000,2.52,S,0-1.3 m,9,,1,,,,,,,,,,,,,,,,
A2,L100,3.99,I,0-4 cm,,,,,,,,,,,,,,,,,,,
A2,L100,3.99,S,0-1.3 m,7,,,,,,,,,,,,,,,,,,
A3,A100,1.26,I,0-4 cm,,4,1,,,,,,,,,,,,,,,,
A3,A100,1.26,S,0-1.3 m,5,2,,,,,,,,,,,,,,,,,
A3,A300,2.52,I,0-4 cm,2,1,,,,,,,,,,,,,,,,,
A3,A300,2.52,S,0-1.3 m,17,8,,,,,,,,2,,,,,,,,,
A3,B200,2.52,I,0-4 cm,1,,,,,,,,,,,,,,,,,,
A3,B200,2.52,S,0-1.3 m,,,,,,,,,,,,,,,,,,,
A3,B050,1.25,I,0-4 cm,,,,,,,,,,,,,,,,,,,
A3,B050,1.25,S,0-1.3 m,1,,,,,,,,,,,,,,,,,,
A3,C100,1.26,I,0-4 cm,,,,,,,,,,,,,,,,,,,
A3,C100,1.26,S,0-1.3 m,,1,,,,,,,,,,,,,,,,,
A3,C250,1.26,I,0-4 cm,,,,,,,,,,,,,,,,2,,,
A3,C250,1.26,S,0-1.3 m,2,1,,,,,,,,,,,,,,,,,
A3,D000,2.52,I,0-4 cm,4,3,,,,,,,,,,,,,,,,,
A3,D000,2.52,S,0-1.3 m,,3,1,,,,,,,,,,,,,,,,
A3,D200,2.52,I,0-4 cm,7,1,,,,,1,,,,,,,,,,1,,
A3,D200,2.52,S,0-1.3 m,,1,,,,,,,,3,,,,,,,,,
A3,D350,2.52,I,0-4 cm,2,2,,,,,,,,,,,,,,,,,
A3,D350,2.52,S,0-1.3 m,9,9,,,,,,,,,,,,,,,,,
A3,E300,1.26,I,0-4 cm,1,,,,,,,,,,,,,,,,,,
A3,E300,1.26,S,0-1.3 m,1,2,,,,,,,,,1,,,,,,,,
A3,E050,2.52,I,0-4 cm,1,,,,,,,,,,,,,,,,,,
A3,E050,2.52,S,0-1.3 m,2,2,,,,,,,,,,,,,,,,,
A3,F100,1.26,I,0-4 cm,,,,,,,2,,,,,,,,,1,,,
A3,F100,1.26,S,0-1.3 m,1,1,,,,,,,,,,,,,,,,,
A3,G350,2.52,I,0-4 cm,3,,1,,,,2,,,,,,,,,,,,
A3,G350,2.52,S,0-1.3 m,6,3,,,,,,,,,,,,,,,,,
A3,G050,1.26,I,0-4 cm,,,,,,,5,,,,,,,,,,,,
A3,G050,1.26,S,0-1.3 m,,,,,,,,,,,,,,,,,,,
A3,H000,1.26,I,0-4 cm,,,,,,,1,,,,,,,,,,,,
A3,H000,1.26,S,0-1.3 m,1,,,,,,,,,,,2,,,,,,,
A3,H200,2.52,I,0-4 cm,,,,,,,,,,,,,1,,,,,,
A3,H200,2.52,S,0-1.3 m,2,,,,,,,,,,,,,,,,,,
A3,I100,2.52,I,0-4 cm,1,,1,,,,,,,,,,,,,,,,
A3,I100,2.52,S,0-1.3 m,,2,,,,,,,,,,1,,,,,,,
A3,I350,1.26,I,0-4 cm,,,,,,,1,,,,,,,,,3,,,
A3,I350,1.26,S,0-1.3 m,2,1,,,,,,,,,,,,,,,,,
A3,J300,2.52,I,0-4 cm,1,2,1,,,,,,,,,,,,,,,,
A3,J300,2.52,S,0-1.3 m,,,,,,,,,,,,,,,,,,,
A3,J050,2.52,I,0-4 cm,,1,,,,,2,,,,,,,,,,,,
A3,J050,2.52,S,0-1.3 m,,2,,,,,,,,,,,,,,,,,
A4,C050,3.99,I,0-4 cm,0,,,,,,,,,,,,,,,,,,
A4,C050,3.99,S,0-1.3 m,0,,,,,,,,,,,,,,,,,,
A4,D200,3.99,I,0-4 cm,,1,,,,,,,,,,,,,,,,,
A4,D200,3.99,S,0-1.3 m,,8,,,,,,,,,,,,,,,,,
A4,D400,3.99,I,0-4 cm,,1,,,,,,,,,1,,,,,,,,
A4,D400,3.99,S,0-1.3 m,,4,,,,,,,,,,,,,,,,,
A4,E000,3.99,I,0-4 cm,,,,,,,,,,,,,,,,,,,
A4,E000,3.99,S,0-1.3 m,4,,,,,,,,,,,,,,,,,,
A4,E150,2.52,I,0-4 cm,1,,,,,,10,1,,,,,,,,,,,
A4,E150,2.52,S,0-1.3 m,,2,,,,,1,,,,,,,,,,,,
A4,E350,3.99,I,0-4 cm,,,,,,,,,,,,,,,,,,,
A4,E350,3.99,S,0-1.3 m,6,,,,,,,,,,,,,,,,,,
A4,F150,3.99,I,0-4 cm,,1,,,,,11,,1,,,,,,,,,10,
A4,F150,3.99,S,0-1.3 m,3,1,,,,,,,,,,,,,,,,,
A4,F350,3.99,I,0-4 cm,,,,,,,,,,,,,,,,,,,
A4,F350,3.99,S,0-1.3 m,2,,,,,,,,,,,,,,,,,,
A4,G050,2.52,I,0-4 cm,20,,,,,,,,,,,,,,,,,,
A4,G050,2.52,S,0-1.3 m,13,8,,,,,,,,,,,,,,,,,
A4,G250,2.52,I,0-4 cm,1,1,,,,,,,,,,,,,,,,,
A4,G250,2.52,S,0-1.3 m,,1,,,,,,,,,1,,,,,,,,
A4,G450,2.52,I,0-4 cm,8,,,,,,,,,,,,,,,,,,
A4,G450,2.52,S,0-1.3 m,4,1,,,2,,,,,,,,,,,,,,
A4,H150,3.99,I,0-4 cm,3,,,,,,,,,,,,,,,,,,
A4,H150,3.99,S,0-1.3 m,3,,,,,,,,,,,,,,,,,,
A4,H400,3.99,I,0-4 cm,0,,,,,,,,,,,,,,,,,,
A4,H400,3.99,S,0-1.3 m,0,,,,,,,,,,,,,,,,,,
A4,I000,2.52,I,0-4 cm,4,,,,,,,,,,,,,,,,,,
A4,I000,2.52,S,0-1.3 m,29,,,,,,,,,,,,,,,,,,
A4,I200,2.52,I,0-4 cm,3,1,,,,,,,,,,,,,,,,,
A4,I200,2.52,S,0-1.3 m,1,1,,,,,,,,3,,,,,,,,,
A4,I350,2.52,I,0-4 cm,,,,,,,,,,,,,,,,,,,
A4,I350,2.52,S,0-1.3 m,8,,,,,,,,,,,,,,,,,,
A4,J100,2.52,I,0-4 cm,7,,,,,,,,,,,,,,,,,,
A4,J100,2.52,S,0-1.3 m,1,,,,,,,,,,,,,,,,,,
A4,J300,3.99,I,0-4 cm,1,1,,,,,,,,,,,,,,,,,
A4,J300,3.99,S,0-1.3 m,7,,,,,,,,,,,,,,,,,,
A4,K100,2.52,I,0-4 cm,,2,,,,,,,,1,,,,,,,,,
A4,K100,2.52,S,0-1.3 m,7,1,,,,,,,,1,,,,,,,,,
A4,K300,2.52,I,0-4 cm,2,,,,,,,,,,,,,,,,,,
A4,K300,2.52,S,0-1.3 m,30,1,,,,,,,,,,,,,,,,,
B1,A050,3.99,I,0-4 cm,,,,,,,,,,,,,,,,,,,
B1,A050,3.99,S,0-1.3 m,,2,,,,,,,,,,,,,,,,,
B1,A200,3.99,I,0-4 cm,,,,,,,,,,,,,,,,,,,
B1,A200,3.99,S,0-1.3 m,8,3,,,,,,,,1,,,,,,,,,
B1,A350,3.99,I,0-4 cm,,2,,,,,,,,,,,,,,,,,
B1,A350,3.99,S,0-1.3 m,,,,,,,,,,,,,,,,,,,
B1,B100,3.99,I,0-4 cm,,1,,,,,,,,,,,,,,,,,
B1,B100,3.99,S,0-1.3 m,2,,,,,,,,,,,,,,,,,,
B1,B300,3.99,I,0-4 cm,,1,,,,,,,,,,,,,,,,,
B1,B300,3.99,S,0-1.3 m,,3,,,,,,,,,,,,,,,,,
B1,C000,3.99,I,0-4 cm,0,,,,,,,,,,,,,,,,,,
B1,C000,3.99,S,0-1.3 m,0,,,,,,,,,,,,,,,,,,
B1,C150,3.99,I,0-4 cm,,,,,,,,,,,2,,,,,,,,
B1,C150,3.99,S,0-1.3 m,,,,,,,,,,,,,,,,,,,
B1,C350,3.99,I,0-4 cm,0,,,,,,,,,,,,,,,,,,
B1,C350,3.99,S,0-1.3 m,0,,,,,,,,,,,,,,,,,,
B1,D100,3.99,I,0-4 cm,,1,,,,,,,,,,,,,,,,,
B1,D100,3.99,S,0-1.3 m,,11,,,,,,,,,,,,,,,,,
B1,D300,3.99,I,0-4 cm,,,,,,,,,,,,,,,,,,,
B1,D300,3.99,S,0-1.3 m,,1,,,,,,,,,,,,,,,,,
B1,E100,3.99,I,0-4 cm,,2,,,,,,,,,,,,,,,,,
B1,E100,3.99,S,0-1.3 m,2,,,,,,,,,,,,,,,,,,
B1,E200,3.99,I,0-4 cm,,1,,,,,,,,,,,,,,,,,
B1,E200,3.99,S,0-1.3 m,4,12,,,,,,,,2,,,,,,,,,
B1,E350,3.99,I,0-4 cm,,,,,,,,,,,,,,,,,,,
B1,E350,3.99,S,0-1.3 m,,,2,,,,,,,,,,,,,,,,
B1,F050,3.99,I,0-4 cm,0,,,,,,,,,,,,,,,,,,
B1,F050,3.99,S,0-1.3 m,0,,,,,,,,,,,,,,,,,,
B1,F250,3.99,I,0-4 cm,,4,,,,,,,,,2,,,,,,,,
B1,F250,3.99,S,0-1.3 m,2,2,,,,,,,,,,,,,,,,,
B1,G000,3.99,I,0-4 cm,,1,,,,,,,,,,,,,,,,,
B1,G000,3.99,S,0-1.3 m,,2,,,,,,,,,,,,,,,,,
B1,G150,3.99,I,0-4 cm,,,,,,,,,,,,,,,,,,,
B1,G150,3.99,S,0-1.3 m,,1,,,,,,,,,,,,,,,,,
B1,G300,3.99,I,0-4 cm,1,1,,,,,,,,,,,,,,,,,
B1,G300,3.99,S,0-1.3 m,18,1,,,,,,,,,,,,,,,,,
B1,H050,2.52,I,0-4 cm,0,,,,,,,,,2,,,,,,,,,"No plot CTR, not measured"
B1,H050,2.52,S,0-1.3 m,2,,,,,,,,,,,,,,,,,,
B1,H200,3.99,I,0-4 cm,,1,,,,,,,,,1,,,,,,,,
B1,H200,3.99,S,0-1.3 m,,3,,,,,,,,,,,,,,,,,
B2,B000,2.52,I,0-4 cm,3,9,2,,,,5,,,,,,,,,1,,,
B2,B000,2.52,S,0-1.3 m,2,24,,,,,,,,,2,1,,,,,,,
B2,B100,2.52,I,0-4 cm,,,,,,,,,,,,,,,,,,,
B2,B100,2.52,S,0-1.3 m,13,,,,,,,,,,,,,,,,,,
B2,B200,1.26,I,0-4 cm,10,,,,,,,,,,,,,,,,,,
B2,B200,1.26,S,0-1.3 m,17,2,1,,,,,,,1,,,,,,,,,
B2,C050,3.99,I,0-4 cm,,,,,,,,,,,,,,,,,,,
B2,C050,3.99,S,0-1.3 m,,3,1,,,,,,,,,,,,,,,,
B2,C150,2.52,I,0-4 cm,3,, ,,2,,,,,,,,,,,,,,
B2,C150,2.52,S,0-1.3 m,24,,,,,,,,,,,,,,,,,,
B2,D000,1.26,I,0-4 cm,4,,,,,,,,,3,,,,,,,,,
B2,D000,1.26,S,0-1.3 m,1,,,,,,,,,4,,,,,,,,,
B2,D100,2.52,I,0-4 cm,8,,1,,,,,,, ,,,,,,,,,
B2,D100,2.52,S,0-1.3 m,14,,,,,,,,,2,,,,,,,,,
B2,D200,1.26,I,0-4 cm,8,,,,,,,,,,,,,,,,,,
B2,D200,1.26,S,0-1.3 m,11,,,,,,,,,3,,,,,,,,,
B2,E050,1.26,I,0-4 cm,1,,1,,,,,,,,,,,,,,,,
B2,E050,1.26,S,0-1.3 m,1,,,,,,,,,1,,,,,,,,,
B2,E150,3.99,I,0-4 cm,7,,,,,,,,,,,,,,,,,,
B2,E150,3.99,S,0-1.3 m,30,,,,,,,,,,,,,,,,,,
B2,F050,3.99,I,0-4 cm,,1,,,,,,,,,,,,,,,,,
B2,F050,3.99,S,0-1.3 m,,5,,,,,,,,,,,,,,,,,
B2,F200,2.52,I,0-4 cm,8,1,,,,,,,,,,,,,,,,,
B2,F200,2.52,S,0-1.3 m,5,2,,,,,,,,3,,,,,,,,,
B2,F350,1.26,I,0-4 cm,20,,1,,,,,,,1,,,,,,,,,
B2,F350,1.26,S,0-1.3 m,30,,,,,,,,,3,,,,,,,,,
B2,G000,3.99,I,0-4 cm,,,,,,,,,,,,,,,,,,,
B2,G000,3.99,S,0-1.3 m,,3,,,,,,,,,,,,,,,,,
B2,G150,2.52,I,0-4 cm,0,,,,,,,,,,,,,,,,,,
B2,G150,2.52,S,0-1.3 m,0,,,,,,,,,,,,,,,,,,
B2,G250,2.52,I,0-4 cm,7,,,,,,,,,,,,,,,,,,
B2,G250,2.52,S,0-1.3 m,15,,,,,,,,,,,,,,,,,,
B2,G350,3.99,I,0-4 cm,1,,,,,,,,,,,,,,,,,,
B2,G350,3.99,S,0-1.3 m,4,,,,,,,,,,,,,,,,,,
B2,H050,2.52,I,0-4 cm,19,,,,,,,,,,,,,,,,,,
B2,H050,2.52,S,0-1.3 m,29,1,,,,,,,,5,,,,,,,,,
B2,H200,3.99,I,0-4 cm,,,,,,,,,,,,,,,,,,,
B2,H200,3.99,S,0-1.3 m,1,1,,,,,,,,,,,,,,,,,
B2,H300,1.26,I,0-4 cm,17,,,,,,,,,,,,,,,,,,
B2,H300,1.26,S,0-1.3 m,40,,1,,,,,,,,,,,,,,,,
B2,H400,2.52,I,0-4 cm,17,,,,,,,,,1,,,,,,,,,
B2,H400,2.52,S,0-1.3 m,39,,,,,,,,,,,,,,,,,,
B2,H450,3.99,I,0-4 cm,,1,,,,,,,,,,,,,,,,,
B2,H450,3.99,S,0-1.3 m,11,,,,,,,,,,,,,,,,,,
B2,I000,2.52,I,0-4 cm,,,,,,,,,,,,,,,,,,,
B2,I000,2.52,S,0-1.3 m,3,,,,,,,,,,,,,,,,,,
B2,I150,3.99,I,0-4 cm,,,,,,,,,,,,,,,,,,,
B2,I150,3.99,S,0-1.3 m,20,,,,,,,,,2,,,,,,,,,
B2,I300,3.99,I,0-4 cm,12,,2,,,,,,,,,,,,,,,,
B2,I300,3.99,S,0-1.3 m,23,,,,,,,,,,,,,,,,,,
B2,I500,1.26,I,0-4 cm,3,,,,,,,,,,,,,,,,,,
B2,I500,1.26,S,0-1.3 m,10,1,1,,,,,,,9,,,,,,,,,
B2,J050,2.52,I,0-4 cm,5,,,,,,,,,,,,,,,,,,
B2,J050,2.52,S,0-1.3 m,5,,,,,,,,,1,1,,,,,,,,
B2,J150,0.8,I,0-4 cm,2,1,,,,,,,,1,,,,,,,,,
B2,J150,0.8,S,0-1.3 m,2,1,,,,,,,,7,,,,,,,,,
B2,J300,2.52,I,0-4 cm,3,,1,,,,,,,,,,,,,,,,
B2,J300,2.52,S,0-1.3 m,3,,2,,,,,,, ,,,,,,,,,
B2,J450,1.26,I,0-4 cm,1, ,,,,,,,,1,,,,,,,,,
B2,J450,1.26,S,0-1.3 m,13,3,,,,,,,,10,,,,,,,,,
B3,A050,3.99,I,0-4 cm,,,,,,,,,,,,,,,,,,,
B3,A050,3.99,S,0-1.3 m,2,5,,,,,,,,,,,,,,,,,
B3,A150,3.99,I,0-4 cm,19,,,1,,,,,,5,,,,,,,,,
B3,A150,3.99,S,0-1.3 m,26,1,,,,,,,,,,,,,,,,,
B3,B050,2.52,I,0-4 cm,5,,1,,,,,,,,,,,,,,,,
B3,B050,2.52,S,0-1.3 m,7,1,,,,,,,,,,,,,,,,,
B3,B150,2.52,I,0-4 cm,1,,1,,,,,,,,,,,,,,,,
B3,B150,2.52,S,0-1.3 m,63,3,,,,,,,,,,,,,,,,,
B3,C000,3.99,I,0-4 cm,,3,,,,,,,,,,,,,,,,,
B3,C000,3.99,S,0-1.3 m,,3,,,,,,,,,,,,,,,,,
B3,C100,3.99,I,0-4 cm,,4,,,1,,,,,,,,,,,,,,
B3,C100,3.99,S,0-1.3 m,1,11,,,,,,,,,,,,,,,,,
B3,D000,2.52,I,0-4 cm,1,1, ,,,,,,,,,,,,,,,,
B3,D000,2.52,S,0-1.3 m,6,8,1,,,,,,,,,,,,,,,,
B3,D150,1.26,I,0-4 cm,,,,,2,,,,,,,,,1,,,,,
B3,D150,1.26,S,0-1.3 m,1,,,,4,,,,,1,,,,,,,,,
B3,D250,2.52,I,0-4 cm,4,1,1,,,,,,,,,,,,,,,,
B3,D250,2.52,S,0-1.3 m,5,,,,,,,,,,,,,,,,,,
B3,E050,3.99,I,0-4 cm,7,5,1,,,,,,,,,,,,,,,,
B3,E050,3.99,S,0-1.3 m,18,7,1,,,,,,,,,,,,,,,,
B3,E150,2.52,I,0-4 cm,3,,,,,,,,,,,,,2,,,,,
B3,E150,2.52,S,0-1.3 m,,,,,1,,,,,,,,,3,,,,,
B3,E250,1.26,I,0-4 cm,1,1,,,,,,,,,,,,,,,,,
B3,E250,1.26,S,0-1.3 m,3,,,,,,,,,,,,,,,,,,
B3,F000,2.52,I,0-4 cm,3,,,,,,,,,,,,,,,,,,
B3,F000,2.52,S,0-1.3 m,19,11,,,,,,,,,,1,,,,,,,
B3,F200,2.52,I,0-4 cm,2,,1,1,,,,,,,,,,,,,,,
B3,F200,2.52,S,0-1.3 m,14,2,,,1,,,,,,,,,,,,,,
B3,F300,2.52,I,0-4 cm,6,4,,,1,,,,,,,,,,,,,,
B3,F300,2.52,S,0-1.3 m,7,8,,,1,,,,,,,,,,,,,,
B3,G000,2.52,I,0-4 cm,1,1,1,,,,,,,,,,,,,,,,
B3,G000,2.52,S,0-1.3 m,49,3,6,,,,,,,,,,,,,,,,
B3,G200,1.26,I,0-4 cm,,5,,,,,,,,,,,,,,,,,
B3,G200,1.26,S,0-1.3 m,1,8,,,,,,,,,,,,,,,,,
B3,G300,2.52,I,0-4 cm,2,,,,,,,,,,,,,,,,,,
B3,G300,2.52,S,0-1.3 m,5,,,,,,,,,,,,,,,,,,
B3,H050,0.8,I,0-4 cm,10,,,,,,,,,,,,,,,,,,
B3,H050,0.8,S,0-1.3 m,17,,,,,,,,,9,,,,,,,,,
B3,H100,2.52,I,0-4 cm,7,1,,,,,,,,,,,,,,,,,
B3,H100,2.52,S,0-1.3 m,48,4,,,,,,,,,,,,,,,,,
B3,H250,2.52,I,0-4 cm,,6,,,,,,,,,,,,,,,,,
B3,H250,2.52,S,0-1.3 m,2,12,,,4,,,,,,,,,,,,,,
B3,I050,1.26,I,0-4 cm,5,,,,,,,,,,,,,,,,,,
B3,I050,1.26,S,0-1.3 m,29,,,,,,,,,,,,,,,,,,
B3,I200,2.52,I,0-4 cm,5,,,,1, ,,,,,,,,,,,,,
B3,I200,2.52,S,0-1.3 m,10,,,,1,,,,,,,,,,,,,,
B3,I300,3.99,I,0-4 cm, ,1,,,,,,,,,,,,,,,,,
B3,I300,3.99,S,0-1.3 m, ,2,,,,,,,,,,,,,,,,,
B3,J050,1.26,I,0-4 cm,1,1,,,,,,,,,,,,,,,,,
B3,J050,1.26,S,0-1.3 m,12,6,,,,,,,,,,,,,,,,,
B3,J200,2.52,I,0-4 cm,,,,,,,,,,,,,,,,,,,
B3,J200,2.52,S,0-1.3 m,66,6,2,,,,,,,,,,,,,,,,
B3,K050,2.52,I,0-4 cm,5,1,1,,,,,,,,,,,,,,,,
B3,K050,2.52,S,0-1.3 m,2,8,,,,,,,,,,,,,,,,,
B3,K250,2.52,I,0-4 cm,,2,,,,,,,,,,,,,,,,,
B3,K250,2.52,S,0-1.3 m,,,,,,,,,,,,,,,,,,,
B3,L000,0.8,I,0-4 cm,6,,,,,,,,,,,,1,,,,,,
B3,L000,0.8,S,0-1.3 m,6,1,,,,,,,,5,,,,,,,,,
B3,L150,1.26,I,0-4 cm,1,4,1,,,,,,,,,,,,,,,,
B3,L150,1.26,S,0-1.3 m,9,,,,,,,,,,,,,,,,,,
B4,B050,2.52,I,0-4 cm,,,,,,,,,,,,,,,,,,,
B4,B050,2.52,S,0-1.3 m,,4,,,,,,,,,,,,,,,,,
B4,B150,1.78,I,0-4 cm,2,1,,,,,,,,,,,,,,,,,
B4,B150,1.78,S,0-1.3 m,12,8,1,,,,,,,,,,,,,,,,
B4,C100,2.52,I,0-4 cm,0,,,,,,,,,,,,,,,,,,
B4,C100,2.52,S,0-1.3 m,0,,,,,,,,,,,,,,,,,,
B4,C250,1.26,I,0-4 cm,1,4,1,,,,,,,,,,,,,,,,
B4,C250,1.26,S,0-1.3 m,1,15,,,,,,,,,,,,,,,,,
B4,D050,1.78,I,0-4 cm,,,,,,,,,,,,,,,,,,,
B4,D050,1.78,S,0-1.3 m,,1,,,,,,,,,,,,,,,,,
B4,D200,1.78,I,0-4 cm,1,,,,,,,,,,,,,,,,,,
B4,D200,1.78,S,0-1.3 m,1,9,,,,,,,,,,,,,,,,,
B4,D300,1.78,I,0-4 cm,,,1,,,,1,,1,,,,,,,,,,
B4,D300,1.78,S,0-1.3 m,,2,,,,,,,,,,,,,,,,,
B4,E050,2.52,I,0-4 cm,2,1,,,1,,,,,,,,,,,,,,
B4,E050,2.52,S,0-1.3 m,,,,,,,,,,,,,,,,,,,
B4,E150,2.52,I,0-4 cm,,1,,,,,,,,,,,,,,,,,
B4,E150,2.52,S,0-1.3 m,1,3,,,,,,,,,,,,,,,,,
B4,E250,2.52,I,0-4 cm,1,,,,,,4,,,,,,,,,,,,
B4,E250,2.52,S,0-1.3 m,4,7,,,,,,,,,,,,,,,,,
B4,F000,1.26,I,0-4 cm,2,2,1,,,,2,,,,,,,,,,,,
B4,F000,1.26,S,0-1.3 m,1,2,,,,,,,,,,,,,,,,,
B4,F100,2.52,I,0-4 cm,2,,,,,,,,,,,,,,,,,,
B4,F100,2.52,S,0-1.3 m,3,1,1,,,,,,,,,,,,,,,,
B4,F200,2.52,I,0-4 cm,3,,1,,,,2,,2,,,,,,,,,,
B4,F200,2.52,S,0-1.3 m,1,4,,,,,,,,,,,,,,,,,
B4,F300,1.78,I,0-4 cm,,,,,,,,,,,,,,,,,,,
B4,F300,1.78,S,0-1.3 m,3,,,,,,,,,,,,,,,,,,
B4,G000,2.52,I,0-4 cm,9,2,,,,,1,,,,,,,,,,,,
B4,G000,2.52,S,0-1.3 m,13,1,,,,,,,,,,,,,,,,,
B4,G100,1.78,I,0-4 cm,,,,,,1,,,,,,,,,,,,,
B4,G100,1.78,S,0-1.3 m,,,,,,,,,,,,,,,,,,,
B4,G200,1.78,I,0-4 cm,1,,,,,,2,,,,,,,,,,,,
B4,G200,1.78,S,0-1.3 m,,1,,,,,,,,,,,,,,,,,
B4,G300,1.78,I,0-4 cm,,,,,,,,,,,,,,,,,,,
B4,G300,1.78,S,0-1.3 m,1,1,,,,,,,,,,,,,,,,,
B4,H050,2.52,I,0-4 cm,8,,,,,,3,,,,,,,,,,,,
B4,H050,2.52,S,0-1.3 m,3,4,,,,,,,,,,,,,,,,,
B4,H250,2.52,I,0-4 cm,,,,,,,,,,,,,,,,,,,
B4,H250,2.52,S,0-1.3 m,4,4,,,,,,,,,,,,,,,,,
B5,A000,3.99,I,0-4 cm,1,,,,,,,,,,,,,,,,,,
B5,A000,3.99,S,0-1.3 m,5,1,,,,,,,,,,,,,,,,,
B5,A100,2.52,I,0-4 cm,8,,,,,,,,,,,,,,,,,,
B5,A100,2.52,S,0-1.3 m,3,,,,,,,,,,,,,,,,,,
B5,A200,3.99,I,0-4 cm,,,1,,,,,,,,,,,,,,,,
B5,A200,3.99,S,0-1.3 m,4,2,,,,,,,,,,,,,,,,,
B5,B050,3.99,I,0-4 cm,3,,,,,,,,,,,,,,,,,,
B5,B050,3.99,S,0-1.3 m,40,1,,,,,,,,,,,,,,,,,
B5,B150,3.99,I,0-4 cm,,,,,,,,,,,,,,,,,,,
B5,B150,3.99,S,0-1.3 m,5,1,3,,,,,,,,,,,,,,,,
B5,B350,3.99,I,0-4 cm,,1,,,,,,,,,,,,,,,,,
B5,B350,3.99,S,0-1.3 m,7,11,,,,,,,,,,,,,,,,,
B5,C000,3.99,I,0-4 cm,0,,,,,,,,,,,,,,,,,,
B5,C000,3.99,S,0-1.3 m,0,,,,,,,,,,,,,,,,,,
B5,C150,1.78,I,0-4 cm,,,1,,,,,,,1,,,,,,,,,
B5,C150,1.78,S,0-1.3 m,45,,,,,,,,,,,,,,,,,,
B5,C300,1.78,I,0-4 cm,5,,,,,,,,,,,,,,,,,,
B5,C300,1.78,S,0-1.3 m,10,,,,,,,,,,,,,,,,,,
B5,D050,1.78,I,0-4 cm,5,,,,,,,,,,,,,,,,,,
B5,D050,1.78,S,0-1.3 m,31,,1,,,,,,,,,,,,,,,,
B5,D150,3.99,I,0-4 cm,,1,,,,,,,,,2,,,,,,,,
B5,D150,3.99,S,0-1.3 m,22,2,,,1,,,,,,,,,,,,,,
B5,D250,1.78,I,0-4 cm,3,,,,,,,,,1,,,,,,,,,
B5,D250,1.78,S,0-1.3 m,2,,,,,,,,,,,,,,,,,,
B5,D400,3.99,I,0-4 cm,,,1,,,,,,,,,,,,,,,,
B5,D400,3.99,S,0-1.3 m,3,1,,,,,,,,,,,,,,,,,
B5,E050,2.52,I,0-4 cm,3,1,,,,,,,,,,,,,,,,,
B5,E050,2.52,S,0-1.3 m,6,,,,,,,,,,,,,,,,,,
B5,E150,3.99,I,0-4 cm,2,2,,,,,,,,,,,,,,,,,
B5,E150,3.99,S,0-1.3 m,22,3,,,,,,,,,,,,,,,,,
B5,E300,2.52,I,0-4 cm,,,,,,,,,,,,,,,,,,,
B5,E300,2.52,S,0-1.3 m,8,8,,,,,,,,,,,,,,,,,
B5,E450,1.78,I,0-4 cm,2,,1,,,,,,,,,,,,,,,,
B5,E450,1.78,S,0-1.3 m,16,,,,,,,,,,,,,,,,,,
B5,F000,3.99,I,0-4 cm,1,2,,,,,,,,,3,,,,,,,,
B5,F000,3.99,S,0-1.3 m,5,13,,,,,,,,,,,,,,,,,
B5,F100,3.99,I,0-4 cm,,,,,,,,,,,,,,,,,,,
B5,F100,3.99,S,0-1.3 m,,1,,,,,,,,,,,,,,,,,
B5,F200,3.99,I,0-4 cm,,,,,,,,,,,,,,,,,,,
B5,F200,3.99,S,0-1.3 m,,3,,,,,,,,,,,,,,,,,
B5,F300,2.52,I,0-4 cm,7,,,,,,,,,,,,,,,,,,
B5,F300,2.52,S,0-1.3 m,7,4,,,,,,,,,,,,,,,,,
B5,F400,3.99,I,0-4 cm,1,,,,,,,,,,,,,,,,,,
B5,F400,3.99,S,0-1.3 m,4,3,,,,,,,,,,,,,,,,,
B5,G100,3.99,I,0-4 cm,,2,,,,,,,,,,,,,,,,,
B5,G100,3.99,S,0-1.3 m,4,2,,,1,,,,,,,,,,,,,,
B5,G200,3.99,I,0-4 cm,,5,1,,,,,,,,,,,,,,,,
B5,G200,3.99,S,0-1.3 m,,2,,,,,,,,,,,,,,,,,
B5,G300,3.99,I,0-4 cm,,3,,,,,,,,1,,,,,,,,,
B5,G300,3.99,S,0-1.3 m,,2,,,,,,,,,,,,,,,,,
B5,G400,2.52,I,0-4 cm,5,,,,,,,,,,,,,,,,,,
B5,G400,2.52,S,0-1.3 m,6,,,,,,,,,,,,,,,,,,
B5,H000,3.99,I,0-4 cm,,2,,,,,,,,,,,,,,,,,
B5,H000,3.99,S,0-1.3 m,,1,,,,,,,,,,,,,,,,,
B5,H100,3.99,I,0-4 cm,1,1,,,,,,,,,,,,,,,,,
B5,H100,3.99,S,0-1.3 m,,,,,,,,,,,,,,,,,,,
B5,H200,1.26,I,0-4 cm,1,,,,,,1,,,,,,,,,,,,
B5,H200,1.26,S,0-1.3 m,15,2,,,,,,,,,,,,,,,,,
B5,H300,3.99,I,0-4 cm,,1,,,,,,,,,,,,,,,,,
B5,H300,3.99,S,0-1.3 m,,,,,,,,,,,,,,,,,,,
C1,B100,3.99,I,0-4 cm,,,,,,,,,,,,,,,,,,,
C1,B100,3.99,S,0-1.3 m,1,,,,,,,,,,,,,,,,,,
C1,C000,3.99,I,0-4 cm,0,,,,,,,,,,,,,,,,,,
C1,C000,3.99,S,0-1.3 m,0,,,,,,,,,,,,,,,,,,
C1,D100,3.99,I,0-4 cm,,,,,,,,,,,,,,,,,,,
C1,D100,3.99,S,0-1.3 m,4,,,,,3,,,,,,,,,,,,,
C1,E050,3.99,I,0-4 cm,1,,,,,,,,,,,,,,,,,,
C1,E050,3.99,S,0-1.3 m,10,3,,,,,,,,,,,,,,,,,
C1,E200,3.99,I,0-4 cm,1,,,,,,,,,,,,,,,,,,
C1,E200,3.99,S,0-1.3 m,9,,,,,,,,,,,,,,,,,,
C1,F000,3.99,I,0-4 cm,0,,,,,,,,,,,,,,,,,,
C1,F000,3.99,S,0-1.3 m,0,,,,,,,,,,,,,,,,,,
C1,F150,3.99,I,0-4 cm,2,,,,,,,,,,,,,,,,,,
C1,F150,3.99,S,0-1.3 m,3,,,,,,,,,,,,,,,,,,
C1,F350,3.99,I,0-4 cm,8,,,,,,,,,,,,,,,,,,
C1,F350,3.99,S,0-1.3 m,38,1,,,,,,,,,,,,,,,,,
C1,G050,3.99,I,0-4 cm,0,,,,,,,,,,,,,,,,,,
C1,G050,3.99,S,0-1.3 m,0,,,,,,,,,,,,,,,,,,
C1,G250,3.99,I,0-4 cm,1,,,,,,,,,,,,,,,,,,
C1,G250,3.99,S,0-1.3 m,13,,,,,,,,,,,,,,,,,,
C1,G400,3.99,I,0-4 cm,,,,,,,,,,,,,,,,,,,
C1,G400,3.99,S,0-1.3 m,8,,,,,,,,,,,,,,,,,,
C1,H050,3.99,I,0-4 cm,0,,,,,,,,,,,,,,,,,,
C1,H050,3.99,S,0-1.3 m,0,,,,,,,,,,,,,,,,,,
C1,H200,3.99,I,0-4 cm,0,,,,,,,,,,,,,,,,,,
C1,H200,3.99,S,0-1.3 m,0,,,,,,,,,,,,,,,,,,
C1,H350,3.99,I,0-4 cm,0,,,,,,,,,,,,,,,,,,
C1,H350,3.99,S,0-1.3 m,0,,,,,,,,,,,,,,,,,,
C1,I100,3.99,I,0-4 cm,,,,,,,,,,,,,,,,,,,
C1,I100,3.99,S,0-1.3 m,2,,,,,,,,,,,,,,,,,,
C1,I250,3.99,I,0-4 cm,,,,,,,,,,,,,,,,,,,
C1,I250,3.99,S,0-1.3 m,1,,,,,,,,,,,,,,,,,,
C1,J000,3.99,I,0-4 cm,0,,,,,,,,,,,,,,,,,,
C1,J000,3.99,S,0-1.3 m,0,,,,,,,,,,,,,,,,,,
C1,J150,1.78,I,0-4 cm,1,,,,,,,,,,,,,,,,,,
C1,J150,1.78,S,0-1.3 m,7,,,,,2,,,,,,,,,,,,,
C1,K050,3.99,I,0-4 cm,,2,,,,,,,,,,,,,,,,,
C1,K050,3.99,S,0-1.3 m,,1,,,,,,,,,,,,,,,,,
C1,L050,3.99,I,0-4 cm,0,,,,,,,,,,,,,,,,,,
C1,L050,3.99,S,0-1.3 m,0,,,,,,,,,,,,,,,,,,
C2,B050,1.26,I,0-4 cm,6,,2,,1,,,,,,,1,,,,,,,
C2,B050,1.26,S,0-1.3 m,3,1,,,,,,,,,2,,,,,,,,
C2,C150,0.8,I,0-4 cm,4,,,,,,,,,,,,,,,,,,
C2,C150,0.8,S,0-1.3 m,4,,,,,,,,,,,,,,,,,,
C2,D000,1.26,I,0-4 cm,1,,1,,,,,,,,,,,,,,,,
C2,D000,1.26,S,0-1.3 m,,,,,,,,,,,,,,,,,,,
C2,D150,2.52,I,0-4 cm,2,2,,,,,,,,,,,,,,,,,
C2,D150,2.52,S,0-1.3 m,9,3,1,,1,1,,,,,,,,,,,,,
C2,E050,3.99,I,0-4 cm,3,,,,,,,,,,,,,,,,,,
C2,E050,3.99,S,0-1.3 m,12,,1,,,,,,,,,,,,,,,,
C2,E150,0.8,I,0-4 cm,1,,,,,,,,,,,,,,,,,,
C2,E150,0.8,S,0-1.3 m,2,,,,,,,,,,,,,,,,,,
C2,E250,1.26,I,0-4 cm,4,1,,,,,,,,,,,,,,,,,
C2,E250,1.26,S,0-1.3 m,12,4,,,,,,,,,,,,,,,,,
C2,F000,1.26,I,0-4 cm,2,,,,,,,,,,,,,,,,,,
C2,F000,1.26,S,0-1.3 m,,,,,,,,,,1,,2,,,,,,,
C2,F150,2.52,I,0-4 cm,9,,,,,,,,,,,,,,,,,,
C2,F150,2.52,S,0-1.3 m,5,1,1,,,,,,,,,,,,,,,,
C2,F300,1.26,I,0-4 cm,3,,,,,,1,,,,,,,,,,,,
C2,F300,1.26,S,0-1.3 m,3,1,,,,,,,,1,,,,,,,,,
C2,G050,1.26,I,0-4 cm,4,,,,,,,,,,,,,,,,,,
C2,G050,1.26,S,0-1.3 m,7,1,,,,,,,,,,,,,,,,,
C2,G200,1.26,I,0-4 cm,,,2,,1,,,,,,,,,,,,,,
C2,G200,1.26,S,0-1.3 m,8,,1,,,,,,,,,,,,,,,,
C2,G300,0.8,I,0-4 cm,,1,,,,,,,,,,,,,,,,,
C2,G300,0.8,S,0-1.3 m,16,4,,,,,,,,,,,,,,,,,
C2,H000,2.52,I,0-4 cm,5,,2,,,,,,,,,,,,,,,,
C2,H000,2.52,S,0-1.3 m,8,,,,,,,,,,,,,,,,,,
C2,H100,1.78,I,0-4 cm,3,1,7,,,,,,,,,,,,,,,,
C2,H100,1.78,S,0-1.3 m,18,6,7,,,,,,,,,,,,,,,,
C2,H250,0.8,I,0-4 cm,12,,,,,,,,,7,,1,,,,,,,cedar that was in plut before is not in when stake straight up
C2,H250,0.8,S,0-1.3 m,3,,,,,,,,,10,,1,,,,,,,
C2,H350,0.8,I,0-4 cm,6,3,1,,,,,,,,,,,,,,,,
C2,H350,0.8,S,0-1.3 m,11,,,,,,,,,,4,1,,,,,,,
C2,I100,2.52,I,0-4 cm,,,,,,,,1,,,,,,,,,,,
C2,I100,2.52,S,0-1.3 m,10,1,,,,,,,,,,,,,,,,,
C2,I200,3.99,I,0-4 cm,2,,,,,,,,,,,,,,,,,,
C2,I200,3.99,S,0-1.3 m,5,,,,,,,,,,,,,,,,,,
C2,I300,2.52,I,0-4 cm,,5,1,,,,,,,,,,,,,,,,
C2,I300,2.52,S,0-1.3 m,16,12,2,,1,,,,,2,,,,,,,,,
C2,I450,1.78,I,0-4 cm,1,,,,,,,,, ,,,,,,,,,
C2,I450,1.78,S,0-1.3 m,15,,3,,,,,,,,,,,,,,,,
C2,J050,1.78,I,0-4 cm,NA,,,,,,,,,,,,,,,,,,could not find plot
C2,J050,1.78,S,0-1.3 m,NA,,,,,,,,,,,,,,,,,,
C2,J200,2.52,I,0-4 cm, ,,1,,,,,,,,,,,,,,,,
C2,J200,2.52,S,0-1.3 m, ,,,,,,,,,,,,,,,,,,
C2,J300,3.99,I,0-4 cm,1,1,,,,,,,,,,,,,,,,,
C2,J300,3.99,S,0-1.3 m,32,1,,,,,,,,,,,,,,,,,
C2,J450,2.52,I,0-4 cm,0,,,,,,,,,,,,,,,,,,
C2,J450,2.52,S,0-1.3 m,0,,,,,,,,,,,,,,,,,,
C2,K000,3.99,I,0-4 cm,4,3,,,,,,,,,,,,,,,,,
C2,K000,3.99,S,0-1.3 m,6,2,1,,,,,,,,,,,,,,,,
C2,K100,2.52,I,0-4 cm,,2,,,2,,,,,,,,,,,,,,
C2,K100,2.52,S,0-1.3 m,,2,,,,,,,,,,,,,,,,,
C2,K250,3.99,I,0-4 cm,7,,,,,,,,,,,,,,,,,,
C2,K250,3.99,S,0-1.3 m,27,1,3,,,,,,,,,,,,,,,,
C2,L000,2.52,I,0-4 cm,1,3,3,,,,,,,,,,,,,,,,
C2,L000,2.52,S,0-1.3 m,0,2,1,,,,,,,,,,,,,,,,
C2,L100,3.99,I,0-4 cm,4,3,1,,,,,,,,,,,,,,,,
C2,L100,3.99,S,0-1.3 m,2,1,,,,,,,,,,,,,,,,,
C3,A000,2.52,I,0-4 cm,,,,,,,,,,,,,,,,,,,
C3,A000,2.52,S,0-1.3 m,16,,,,,,,,,,,,,,,,,,
C3,B100,2.52,I,0-4 cm,,,,,,,,,,,,,,,,,,,
C3,B100,2.52,S,0-1.3 m,1,,,,,,,,,,,,,,,,,,
C3,C000,1.26,I,0-4 cm,4,,,,1,,,,,1,,,,,,,,,
C3,C000,1.26,S,0-1.3 m,1,,,,,,,,,1,,,,,,,,,
C3,C100,2.52,I,0-4 cm,10,,,,,,,,,,,,,,,,,,
C3,C100,2.52,S,0-1.3 m,16,,1,,,,,,,,,,,,,,,,
C3,C200,2.52,I,0-4 cm,1,3,,,,,,,,,,,,,,,,,
C3,C200,2.52,S,0-1.3 m,4,,,,,,,,,,,,,,,,,,
C3,D000,1.26,I,0-4 cm,0,,,,,,,,,,,,,,,,,,
C3,D000,1.26,S,0-1.3 m,14,,,,,,,,,,,,,,,,,,
C3,D100,2.52,I,0-4 cm,3,1,4,,,,,,,,,,,,,,,,
C3,D100,2.52,S,0-1.3 m,32,2,1,,,,,,,,,,,,,,,,
C3,D250,3.99,I,0-4 cm,,,,,,,,,,,,,,,,,,,
C3,D250,3.99,S,0-1.3 m,24,1,3,,,,,,,,,,,,,,,,
C3,D350,0.8,I,0-4 cm,27,,1,,,,,,,,,,,,,,,,
C3,D350,0.8,S,0-1.3 m,9,,,,,,,,,,,,,,,,,,
C3,E050,3.99,I,0-4 cm,11,,,,,,,,,,,,,,,,,,
C3,E050,3.99,S,0-1.3 m,13,,,,,,,,,,,,,,,,,,
C3,E150,2.52,I,0-4 cm,,,,,,,,,,,,,,,,,,,
C3,E150,2.52,S,0-1.3 m,11,1,,,,,,,,,,,,,,,,,
C3,E300,3.99,I,0-4 cm,,,,,,,,,,,,,,,,,,,
C3,E300,3.99,S,0-1.3 m,2,,,,,,,,,,,,,,,,,,
C3,F100,3.99,I,0-4 cm,4,1,1,,,,,,,,,,,,,,,,
C3,F100,3.99,S,0-1.3 m,30,1,,,,,,,,,,,,,,,,,
C3,F250,3.99,I,0-4 cm,,,,,,,,,,,,,,,,,,,
C3,F250,3.99,S,0-1.3 m,21,,,,,,,,,,,,,,,,,,
C3,F350,0.8,I,0-4 cm,4,,,,,,,,,,,,,,,,,,
C3,F350,0.8,S,0-1.3 m,11,,,,,,,,,,,,,,,,,,
C3,G000,1.26,I,0-4 cm,3,3,,,,,,,,,,,,,,,,,
C3,G000,1.26,S,0-1.3 m,11,,1,,,,,,,,,,,,,,,,
C3,G100,3.99,I,0-4 cm,,,,,,,,,,,,,,,,,,,
C3,G100,3.99,S,0-1.3 m,,4,,,,,,,,,,,,,,,,,
C3,G250,1.26,I,0-4 cm,7,,,,,,,,,,,,,,,,,,
C3,G250,1.26,S,0-1.3 m,4,,,,,,,,,,,,,,,,,,
C3,G350,2.52,I,0-4 cm,1,1,1,,,,,,,,,,,,,,,,
C3,G350,2.52,S,0-1.3 m,16,2,,,,,,,,,,,,,,,,,
C3,H000,3.99,I,0-4 cm,,,,,,,,,,,,,,,,,,,
C3,H000,3.99,S,0-1.3 m,16,4,,,,,,,,,,,,,,,,,
C3,H100,3.99,I,0-4 cm,,1,,,,,,,,,,,,,,,,,
C3,H100,3.99,S,0-1.3 m,3,2,,,,,,,,,,,,,,,,,
C3,H200,3.99,I,0-4 cm,2,,,,,,,,,,,,,,,,,,
C3,H200,3.99,S,0-1.3 m,4,,,,,,,,,,,,,,,,,,
C3,H300,2.52,I,0-4 cm,,,,,,,,,,,,,,,,,,,
C3,H300,2.52,S,0-1.3 m,2,,,,3,,,,,,,,,1,,,,,
C3,I000,1.26,I,0-4 cm,4,1,,,,,,,,,,,,,,,,,
C3,I000,1.26,S,0-1.3 m,8,,,,,,,,,,,,,,,,,,
C3,I150,3.99,I,0-4 cm,7,,1,,,,4,,,,,,2,,,,,,
C3,I150,3.99,S,0-1.3 m,31,4,,,,, ,,,,,,,,,,,,
C3,I300,3.99,I,0-4 cm,,,,,,,,,,,,,,,,,,,
C3,I300,3.99,S,0-1.3 m,17,,,,,,,,,,,,,,,,,,
C3,J100,3.99,I,0-4 cm,3,,,,,,,,,,,,,,,,,,
C3,J100,3.99,S,0-1.3 m,36,,,,,,,,,,,,,,,,,,
C3,J250,3.99,I,0-4 cm,,,,,,,,,,,,,,,,,,,
C3,J250,3.99,S,0-1.3 m,,5,,,,,,,,,,,,,,,,,
C3,K000,3.99,I,0-4 cm,4,,,,,,,,,,,,,,,,,,
C3,K000,3.99,S,0-1.3 m,4,,,,,,,,,,,,,,,,,,
C3,K100,3.99,I,0-4 cm,2,1,,,,,,,,,,,,,,,,,
C3,K100,3.99,S,0-1.3 m,41,,,,,,,,,,,,,,,,,,
D2,A050,2.52,I,0-4 cm,10,1,2,,, ,,,,,,,,,,,,,
D2,A050,2.52,S,0-1.3 m,3,4,,,,,,,,,,,,,,,,,
D2,A150,3.99,I,0-4 cm,1,,,,,,,,,,,,,,,,,,
D2,A150,3.99,S,0-1.3 m,1,,,,,,,,,,,,,,,,,,
D2,B000,3.99,I,0-4 cm,1,,,,,,,,,,,,,,,,,,
D2,B000,3.99,S,0-1.3 m,,,,,,,,,,,,,,,,,,,
D2,B100,3.99,I,0-4 cm,9,,1,,,,,,,,,,,,,,,,
D2,B100,3.99,S,0-1.3 m,2,,,,,,,,,,,,,,,,,,
D2,B200,3.99,I,0-4 cm,0,,,,,,,,,,,,,,,,,,
D2,B200,3.99,S,0-1.3 m,0,,,,,,,,,,,,,,,,,,
D2,C100,2.52,I,0-4 cm,2,,,,,,,,,,,,,,,,,,
D2,C100,2.52,S,0-1.3 m,1,1,1,,,,,,,,,,,,,,,,
D2,C200,2.52,I,0-4 cm,2,1,,,,,,,,,,,,,,,,,
D2,C200,2.52,S,0-1.3 m,2,2,,,,,,,,,,,,,,,,,
D2,C350,2.52,I,0-4 cm,,1,,,1,,,,,,,,,,,,,,
D2,C350,2.52,S,0-1.3 m,11,3,,,,,,,,,,,,,,,,,
D2,D000,2.52,I,0-4 cm,5,,,,,,,,,,,,,,,,,,
D2,D000,2.52,S,0-1.3 m,2,,,,,,,,,,,,,,,,,,
D2,D200,3.99,I,0-4 cm,,,,,,,,,,,,,,,,,,,
D2,D200,3.99,S,0-1.3 m,2,,,,,,,,,,,,,,,,,,
D2,D300,2.52,I,0-4 cm,2,,,,,,,,,,,,,,,,,,
D2,D300,2.52,S,0-1.3 m,,,,,,,,,,,,,,,,,,,
D2,D450,1.26,I,0-4 cm,3,,,,,,,,,,,,,,,,,,
D2,D450,1.26,S,0-1.3 m,,,,,,,,,,,,,,,,,,,
D2,E000,2.52,I,0-4 cm,,5,,,,,,,,,,,,,,,,,
D2,E000,2.52,S,0-1.3 m,11,4,,,,,,,,,,,,,,,,,
D2,E100,3.99,I,0-4 cm,,,,,,,,,,,,,,,,,,,
D2,E100,3.99,S,0-1.3 m,2,,,,,,,,,,,,,,,,,,
D2,E200,3.99,I,0-4 cm,1,,,,,,,,,,,,,,,,,,
D2,E200,3.99,S,0-1.3 m,,,,,,,,,,,,,,,,,,,
D2,E300,2.52,I,0-4 cm,,,,,,,,,,,,,,,,,,,
D2,E300,2.52,S,0-1.3 m,3,,,,,,,,,,,,,,,,,,
D2,F150,3.99,I,0-4cm,10,1,,,,,,,,,,,,,,,,,
D2,F150,3.99,S,0-1.3 m,4,2,1,,,,,,,,,,,,,,,,
D2,F250,2.52,I,0-4 cm,,,,,,,,,,,,,,,,,,,
D2,F250,2.52,S,0-1.3 m,3,1,1,,,,,,,,,,,,,,,,
D2,F350,2.52,I,0-4 cm,,,,,,,,,,,,,,,,,,,
D2,F350,2.52,S,0-1.3 m,1,1,,,,,,,,,,,,,,,,,
D2,F050,3.99,I,0-4 cm,0,,,,,,,,,,,,,,,,,,
D2,F050,3.99,S,0-1.3 m,0,,,,,,,,,,,,,,,,,,
D3,A100,1.26,I,0-4 cm,,,,,,,,,,,,,,,,,,,
D3,A100,1.26,S,0-1.3 m,20,,,,,,,,,,,,,,,,,,
D3,B100,3.99,I,0-4 cm,21,,,,,11,,,,,,,,,,,,,
D3,B100,3.99,S,0-1.3 m,68,2,,,,4,,,,,,,,,,,,,
D3,B300,3.99,I,0-4 cm,5,,,,,,,,,,,,,,,,,,
D3,B300,3.99,S,0-1.3 m,3,,,,,1,,,,,,,,,,,,,
D3,B450,3.99,I,0-4 cm,,,,,,,,,,,,,,,,,,,
D3,B450,3.99,S,0-1.3 m,49,,,,,2,,,,,,,,,,,,,
D3,C000,3.99,I,0-4 cm,1,,,,,,,,,,,,,,,,,,
D3,C000,3.99,S,0-1.3 m,13,,,,,,,,,1,,,,,,,,,
D3,C200,3.99,I,0-4 cm,,,,,,,,,,,,,,,,,,,
D3,C200,3.99,S,0-1.3 m,7,,,,,19,,,,,,,,,,,,,
D3,C350,2.52,I,0-4 cm,,,,,,5,,,,,,,,,,,,,
D3,C350,2.52,S,0-1.3 m,1,4,,,,3,,,,,,,,,,,,,
D3,C550,1.78,I,0-4 cm,7,,,,,,,,,,,,,,,,,,
D3,C550,1.78,S,0-1.3 m,4,,,,,1,,,,,,,,,,,,,
D3,D200,3.99,I,0-4 cm,2,1,,,,,,,,,,,,,,,,,
D3,D200,3.99,S,0-1.3 m,17,,,,,,,,,,,,,,,,,,
D3,D350,3.99,I,0-4 cm,,,,,,,,,,,,,,,,,,,
D3,D350,3.99,S,0-1.3 m,12,,,,,,,,,,,,,,,,,,
D3,D600,2.52,I,0-4 cm,,,,,,,,,,,,,,,,,,,
D3,D600,2.52,S,0-1.3 m,12,,,,,,,,,,,,,,,,,,
D3,E250,2.52,I,0-4 cm,,,,,,1,,,,,,,,,,,,,
D3,E250,2.52,S,0-1.3 m,24,,,,,3,,,,,,,,,,,,,
D3,E400,3.99,I,0-4 cm,6,,,,,,,,,,,,,,,,,,
D3,E400,3.99,S,0-1.3 m,1,,,,,1,,,,,,,,,,,,,
D3,E650,3.99,I,0-4 cm,,,,,,,,,,,,,,,,,,,
D3,E650,3.99,S,0-1.3 m,11,,,,,3,,,,,,,,,,,,,
D3,F200,3.99,I,0-4 cm,25,,,,,,,,,,,,,,,,,,
D3,F200,3.99,S,0-1.3 m,2,,,,,,,,,5,,,,,,,,,
D3,F400,3.99,I,0-4 cm,,1,,,,,,,,,,,,,,,,,
D3,F400,3.99,S,0-1.3 m,,5,,,,,,,,,,,,,,,,,
D3,F550,3.99,I,0-4 cm,2,,,,,,,,,,,,,,,,,,
D3,F550,3.99,S,0-1.3 m,1,,,,,,,,,,,,,,,,,,
D3,G000,3.99,I,0-4 cm,,,,,,,,,,,,,,,,,,,
D3,G000,3.99,S,0-1.3 m,44,,,,,29,,,,3,,,,,,,,,
D3,G150,2.52,I,0-4 cm,,,,,,,,,,,,,,,,,,,
D3,G150,2.52,S,0-1.3 m,2,,,,,,,,,,,,,,,,,,
D3,G300,3.99,I,0-4 cm,,,,,,,,,,,,,,,,,,,
D3,G300,3.99,S,0-1.3 m,13,,,,,4,,,,,,,,,,,,,
D4,A050,1.26,I,0-4 cm,23,,,,,,,,,,,,,,,,,,
D4,A050,1.26,S,0-1.3 m,5,,,,,,,,,,,,,,,,,,
D4,B050,2.52,I,0-4 cm,,,,,,1,,,,,,,,,,,,,
D4,B050,2.52,S,0-1.3 m,6,9,,,,3,,,,,,,,,,,,,
D4,B150,2.52,I,0-4 cm,5,,,,,,,,,1,,,,,,,,,
D4,B150,2.52,S,0-1.3 m,2,4,,,,,,,,,,,,,,,,,
D4,B250,3.99,I,0-4 cm,14,,,,1,,,,,,,,,,,,,,
D4,B250,3.99,S,0-1.3 m,6,,,,,,,,,,,,,,,,,,
D4,C000,1.78,I,0-4 cm,NA,,,,,,,,,,,,,,,,,,** see plot notes
D4,C000,1.78,S,0-1.3 m,NA,,,,,,,,,,,,,,,,,,"pin not found, did not measure"
D4,C150,3.99,I,0-4 cm,,2,,,,,,,,,,,,,,,,,
D4,C150,3.99,S,0-1.3 m,,,,,,,,,,,,,,,,,,,
D4,C250,1.78,I,0-4 cm,4,,,,,,,,,,,,,,,,,,
D4,C250,1.78,S,0-1.3 m,6,,,,,,,,,,,,,,,,,,
D4,C350,1.26,I,0-4 cm,7,,,,,,,,,,,,,,,,,,
D4,C350,1.26,S,0-1.3 m,,3,,,,,,,,,,,,,,,,,
D4,D050,1.78,I,0-4 cm,3,,,,,,,,,1,,,,,,,,,
D4,D050,1.78,S,0-1.3 m,1,,,,,,,,,,,,,,,,,,
D4,D150,2.52,I,0-4 cm,6,,1,,,,,,,,,,,,,,,,
D4,D150,2.52,S,0-1.3 m,23,3,1,,,,,,,,,,,,,,,,
D4,D250,1.78,I,0-4 cm,3,,,,,,,,,,,,,,,,,,
D4,D250,1.78,S,0-1.3 m,23,,,,,,,,,,,,,,,,,,
D4,D350,3.99,I,0-4 cm,7,,,,,,,,,,,,,,,,,,
D4,D350,3.99,S,0-1.3 m,16,,1,,,,,,,,,,,,,,,,
D4,D500,3.99,I,0-4 cm,,,,,,,,,,,,,,,,,,,
D4,D500,3.99,S,0-1.3 m,1,,,,,1,,,,,,,,,,,,,
D4,E000,1.78,I,0-4 cm,3,1,,,,,,,,,,,,,,,,,
D4,E000,1.78,S,0-1.3 m,2,,,,,,,,,,,,,,,,,,
D4,E100,1.78,I,0-4 cm,7,,,,,,,,,,,,,,,,,,
D4,E100,1.78,S,0-1.3 m,32,,,,,,,,,,,,,,,,,,
D4,E200,2.52,I,0-4 cm,6,1,,,,,,,,,,,,,,,,,
D4,E200,2.52,S,0-1.3 m,7,,1,,,,,,,,,,,,,,,,
D4,E300,2.52,I,0-4 cm,12,,,,,,,,,,,,,,,,,,
D4,E300,2.52,S,0-1.3 m,2,,,,,,,,,,,,,,,,,,
D4,E400,1.26,I,0-4 cm,9,,,,,,,,,,,,,,,,,,
D4,E400,1.26,S,0-1.3 m,15,,,,,,,,,,,,,,,,,,
D4,E500,2.52,I,0-4 cm,14,,,,,,,,,,,,,,,,,,
D4,E500,2.52,S,0-1.3 m,18,,,,,,,,,,,,,,,,,,
D4,E600,1.78,I,0-4 cm,6,1,,,,,,,,,,,,,,,,,
D4,E600,1.78,S,0-1.3 m, ,,,,,,,,,,,,,,,,,,
D4,F050,2.52,I,0-4 cm,8,,,,,,,,,1,,,,,,,,,
D4,F050,2.52,S,0-1.3 m,13,,,,,,,,,,,,,,,,,,
D4,F150,1.78,I,0-4 cm,3,1,,,,,,,,,,,,,,,,,
D4,F150,1.78,S,0-1.3 m,14,,,,,,,,,,,,,,,,,,
D4,F250,3.99,I,0-4 cm,1,,1,,,,,,,,,,,,,,,,
D4,F250,3.99,S,0-1.3 m,,,1,,,,,,,,,,,,,,,,
D4,F350,1.26,I,0-4 cm,2,,,,,,,,,,,,,,,,,,
D4,F350,1.26,S,0-1.3 m,1,,1,,,,,,,,,,,,,,,,
D4,G050,2.52,I,0-4 cm,1,,1,,,2,,,,,,,,,,,,,
D4,G050,2.52,S,0-1.3 m,1,,,,,1,,,,,,,,,,,,,
D4,G150,2.52,I,0-4 cm,19,,1,,,,,,,,,,,,,,,,
D4,G150,2.52,S,0-1.3 m,7,,,,,,,,,,,,,,,,,,
D4,G250,2.52,I,0-4 cm,4,,,,,,,,,,,,,,,,,,
D4,G250,2.52,S,0-1.3 m,48,,,,,,,,,,,,,,,,,,
D4,G350,2.52,I,0-4 cm,9,,,,,,,,,,,,,,,,,,
D4,G350,2.52,S,0-1.3 m,1,,,,,,,,,,,,,,,,,,
D4,H000,1.78,I,0-4 cm,5,,,,,,,,,,,,,,,,,,
D4,H000,1.78,S,0-1.3 m,5,2,,,,,,,,,1,,,,,,,,
D4,H100,3.99,I,0-4 cm,6,,,,,,,,,,,,,,,,,,
D4,H100,3.99,S,0-1.3 m,,,,,,,,,,,,,,,,,,,
D5,A050,0.8,I,0-4 cm,13,,,,,,,,,,,,,,,,,,
D5,A050,0.8,S,0-1.3 m,15,,,,,,,,,,,,,,,,,,
D5,A150,1.78,I,0-4 cm,3,,,,,,,,,,,,,,,,,,
D5,A150,1.78,S,0-1.3 m,4,1,,,,,,,,,,,,,,,,,
D5,A250,2.52,I,0-4 cm,2,,,,,1,,,,,,,,,,,,,
D5,A250,2.52,S,0-1.3 m,2,2,,,,,,,,,,,,,,,,,
D5,B100,1.78,I,0-4 cm,2,,1,,,,,,,,,,,,,,,,
D5,B100,1.78,S,0-1.3 m,7,,,,20,,,,,,,,,,,,,,
D5,B450,2.52,I,0-4 cm,0,,,,,,,,,,,,,,,,,,
D5,B450,2.52,S,0-1.3 m,0,,,,,,,,,,,,,,,,,,
D5,C050,0.8,I,0-4 cm, ,,,,3,,,,,,,,,,,,,,
D5,C050,0.8,S,0-1.3 m,7,,,,,,,,,,,,,,,,,,
D5,C150,1.26,I,0-4 cm,18,,,,,6,,,,,,,,,,,,,
D5,C150,1.26,S,0-1.3 m,3,,,,,5,,,,,,,,,,,,,
D5,C250,2.52,I,0-4 cm,6,,,,,1,,,,,,,,,,,,,
D5,C250,2.52,S,0-1.3 m,6,,,,,1,,,,,,,,,,,,,
D5,C350,3.99,I,0-4 cm,14,,,,,5,,,,,,,,,,,,,
D5,C350,3.99,S,0-1.3 m,4,1,,,,13,,,,,,,,,,,,,
D5,C450,3.99,I,0-4 cm,4,,,,,2,,,,,,,,,,,,,
D5,C450,3.99,S,0-1.3 m,27,,,,,1,,,,,,,,,,,,,
D5,D000,1.26,I,0-4 cm,3,,,,2,,,,,,,,,,,,,,
D5,D000,1.26,S,0-1.3 m,6,,,,8,,,,,,,,,,,,,,
D5,D100,0.8,I,0-4 cm,8,,,,,1,,,,,,,,,,,,,
D5,D100,0.8,S,0-1.3 m,2,,,,,1,,,,,,,,,,,,,
D5,D200,0.8,I,0-4 cm,12,,,,,,,,,,,,,,,,,,
D5,D200,0.8,S,0-1.3 m,13,,,,,,,,,,,,,,,,,,
D5,D300,3.99,I,0-4 cm,,,,,,,,,,,,,,,,,,,
D5,D300,3.99,S,0-1.3 m,37,,,,,,,,,,,,,,,,,,
D5,D400,2.52,I,0-4 cm,4,,,,,,,,,,,,,,,,,,
D5,D400,2.52,S,0-1.3 m,56,,,,,1,,,,,,,,,,,,,
D5,E000,2.52,I,0-4 cm,2,,,,,1,,,,,,,,,,,,,
D5,E000,2.52,S,0-1.3 m,5,,,,,,,,,,,,,,,,,,
D5,E100,1.78,I,0-4 cm,,,,,,,,,,,,,,,,,,,
D5,E100,1.78,S,0-1.3 m,23,3,,,,4,,,,,,,,,,,,,
D5,E200,1.26,I,0-4 cm,5,,1,,,,,,,,,,,,,,,,
D5,E200,1.26,S,0-1.3 m,16,,,,,5,,,,,,,,,,,,,
D5,E300,2.52,I,0-4 cm,,,,,,,,,,,,,,,,,,,
D5,E300,2.52,S,0-1.3 m,9,3,,,,3,,,,,,,,,,,,,
D5,E400,2.52,I,0-4 cm,1,,,,,,,,,,,,,,,,,,
D5,E400,2.52,S,0-1.3 m,29,,,,,2,,,,,,,,,,,,,
D5,F050,2.52,I,0-4 cm,2,,,,,1,,,,,,,,,,,,,
D5,F050,2.52,S,0-1.3 m,30,,2,,,3,,,,,,,,,,,,,
D5,F150,2.52,I,0-4 cm,1,, ,,, ,,,,,,,,,,,,,
D5,F150,2.52,S,0-1.3 m,11,,,,,11,,,,,,,,,,,,,
D5,F250,2.52,I,0-4 cm,,,,,,,,,,,,,,,,,,,
D5,F250,2.52,S,0-1.3 m,7,,,,,25,,,,,,,,,,,,,
D5,F350,1.78,I,0-4 cm,3,,,,3,,,,,,,,,,,,,,
D5,F350,1.78,S,0-1.3 m,6,,,,7,,,,,,,,,,,,,,
D5,G000,2.52,I,0-4 cm,6,,,,,,,,,3,,,,,,,,,
D5,G000,2.52,S,0-1.3 m,4,,,,,,,,,,,,,,,,,,
D5,G100,1.26,I,0-4 cm,,,,,,,,,,,,,,,,,,,
D5,G100,1.26,S,0-1.3 m,48,1,,,,16,,,,,,,,,,,,,
D5,G200,2.52,I,0-4 cm,1,,,,,,,,,,,,,,,,,,
D5,G200,2.52,S,0-1.3 m,31,,,,,,,,,,,,,,,,,,
D5,G300,1.78,I,0-4 cm,1,,,,,,,,,,,,,,,,,,
D5,G300,1.78,S,0-1.3 m,9,,,,,14,,,,,,,,,,,,,
D5,H000,3.99,I,0-4 cm,7,,1,,,2,,,,,,,,,,,,,
D5,H000,3.99,S,0-1.3 m,20,,,,,,,,,,,,,,,,,,
D5,H100,1.78,I,0-4 cm,4,,,,,6,,,,,,,,,,,,,
D5,H100,1.78,S,0-1.3 m,5,,,,,6,,,,,,,,,,,,,
