Unit,Gd Pt,Plot Size,Plot,Size Cl,Hw,Cw,Sx,Pl,Bl,Ba,Ep,At,Ac,dead Hw,deadCw,deadSx,deadPl,deadBl,deadBa,deadEp,deadAt,deadAc,Comments
A1,A000,1.78,I,0-5cm,,1,1,,,,5,,1,,,,,,,,,1,Note that the coordinates for this unit (A1) are for where the sign is.  The plot 
A1,A000,1.78,I,5.1-10cm,,2,1,,,,,,,,,,,,,,,,centre is 6 m to the north 
A1,A000,1.78,S,0-1.3 m,0,1,,,,,2,,,,,,,,,,,,
A1,B050,1.26,I,0-5cm,2,1,,,3,,2,,,,,,,,,,,,
A1,B050,1.26,I,5.1-10cm,,,1,,,,,,,,,,,,,,,,
A1,B050,1.26,S,0-1.3 m,,,,,1,,,,,,,,,,,,,,
A1,B150,2.52,I,0-5cm,1,,1,,,,2,,1,,,,1,,,,,1,
A1,B150,2.52,I,5.1-10cm,,,,,,,,,,,,,1,,,,,,
A1,B150,2.52,S,0-1.3 m,8,1,1,,,,,,,,,,,,,,,,
A1,C050,1.78,I,0-5cm,,2,1,2,1,,3,,2,,,,,,,,,,
A1,C050,1.78,I,5.1-10cm,0,,,,,,,,,,,,,,,,,,
A1,C050,1.78,S,0-1.3 m,1,1,2,1,,,,,,,,,,,,,,,
A1,C150,1.78,I,0-5cm,1,,,,,,13,9,,,,,2,,,,,,
A1,C150,1.78,I,5.1-10cm,,,1,,,,,,,,,,,,,,,,
A1,C150,1.78,S,0-1.3 m,,,,1,,,5,7,,,,,,,,,,,
A1,C250,2.52,I,0-5cm,4,1,,,,,10,,1,,,,,,,,,,
A1,C250,2.52,I,5.1-10cm,,,,,,,,,,,,,,,,,,,
A1,C250,2.52,S,0-1.3 m,,,,,,,8,,1,,,,,,,,,,
A1,D000,1.78,I,0-5cm,1,,3,1,,,11,,1,,,,,,,,,,
A1,D000,1.78,I,5.1-10cm,,,,,,,,,,,,,,,,,,,
A1,D000,1.78,S,0-1.3 m,4,,,,,,4,,,,,,,,,,,,
A1,D100,2.52,I,0-5cm,1,,,1,,,3,,2,,,,,,,,,,
A1,D100,2.52,I,5.1-10cm,,,,,,,,,,,,,,,,,,,
A1,D100,2.52,S,0-1.3 m,3,5,2,,,,2,,,,,,,,,,,,
A1,D200,1.26,I,0-5cm,2,3,,1,,,6,,,,,,,,,,,,
A1,D200,1.26,I,5.1-10cm,,,,,,,,,,,,,,,,,,,
A1,D200,1.26,S,0-1.3 m,,,,,,,3,,,,,,,,,,,,
A1,E000,0.8,I,0-5cm,4,1,1,,,,3,,,,,,,,,,,,
A1,E000,0.8,I,5.1-10cm,0,,,,,,,,,,,,,,,,,,
A1,E000,0.8,S,0-1.3 m,2,2,2,,,,,,,,,,,,,,,,
A1,E150,1.26,I,0-5cm,,,,,,,11,4,,,,,,,,,,,8 of the Ep are real trees and 3 are barely alive and unlikely to survive
A1,E150,1.26,I,5.1-10cm,,,,1,,,,,,,,,,,,,,,
A1,E150,1.26,S,0-1.3 m,1,,,,,,1,,,,,,,,,,,,
A1,E250,2.52,I,0-5cm,1,,,,,,8,,,,,,,,,,,,
A1,E250,2.52,I,5.1-10cm,,,1,1,,,,,,,,,,,,,,,
A1,E250,2.52,S,0-1.3 m,1,,,,,,4,,,,,,,,,,,,
A1,F050,2.52,I,0-5cm,,,,,,,11,,1,,,,,,,,,,8 seperate clumps of Ep
A1,F050,2.52,I,5.1-10cm,0,,,,,,,,,,,,,,,,,,
A1,F050,2.52,S,0-1.3 m,2,1,,,,,26,,,,,,,,,,,,
A1,F150,1.78,I,0-5cm,,,,1,,,15,3,9,,,,,,,,1,,
A1,F150,1.78,I,5.1-10cm,0,,,,,,,,,,,,,,,,,,
A1,F150,1.78,S,0-1.3 m,,2,,1,,,3,,1,,,,,,,,,,
A1,F300,1.78,I,0-5cm,,,,,1,,1,,,,,,,,,,,,
A1,F300,1.78,I,5.1-10cm,2,,,,,,,,,,,,,,,,,,
A1,F300,1.78,S,0-1.3 m,10,1,,,,,2,,,,,,,,,,,,
A1,G050,3.99,I,0-5cm,1,1,1,,,,5,,3,,,,,,,,,1,both Pl taller than 1.3 but dead above dbh
A1,G050,3.99,I,5.1-10cm,,,1,,,,,,,,,,,,,,,,
A1,G050,3.99,S,0-1.3 m,4,7,13,2,,,15,,1,2,,,,,,,,,
A1,G150,2.52,I,0-5cm,,,4,,,,,,5,,,,,,,,,,in a sea of willow
A1,G150,2.52,I,5.1-10cm,,,,,,,,,,,,,,,,,,,
A1,G150,2.52,S,0-1.3 m,1,1,3,,,,,,,,,,,,,,,,
A1,G250,0.8,I,0-5cm,6,,,,,,1,,,,,,,,,,,,
A1,G250,0.8,I,5.1-10cm,0,,,,,,,,,,,,,,,,,,
A1,G250,0.8,S,0-1.3 m,1,4,1,,,,2,,,,,,,,,,,,
A1,H100,2.52,I,0-5cm,,1,,,1,,5,,2,,,,,,,,,,
A1,H100,2.52,I,5.1-10cm,1,,,,,,,,,,,,,,,,,,
A1,H100,2.52,S,0-1.3 m,,2,1,,,,3,,1,,,,,,,,,,
A1,H200,2.52,I,0-5cm,,1,1,,,,5,,6,,,,,,,,,,
A1,H200,2.52,I,5.1-10cm,,,,,,,,,,,,,,,,,,,
A1,H200,2.52,S,0-1.3 m,1,,1,,,,9,,4,,,,,,,,,,
A2,A050,1.26,I,0-5cm,0,,,,,,,,,,,,,,,,,,See large tree plots for GPS Coordinates
A2,A050,1.26,I,5.1-10cm,0,,,,,,,,,,,,,,,,,,
A2,A050,1.26,S,0-1.3 m,14,,2,,,,,,,1,,,,,,,,,
A2,B050,3.99,I,0-5cm,3,4,1,,,,,,,,1,,,,,,,,
A2,B050,3.99,I,5.1-10cm,1,2,,,,,,,,,,,,,,,,,
A2,B050,3.99,S,0-1.3 m,15,8,1,,,,,,,,,,,,,,,,
A2,B150,3.99,I,0-5cm,2,1,,,,,,,,,,,,,,,,,
A2,B150,3.99,I,5.1-10cm,,1,,,,,,,,,,,,,,,,,
A2,B150,3.99,S,0-1.3 m,19,5,,,,,,,,,,,,,,,,,
A2,C000,2.52,I,0-5cm,,1,,,,,,,,,,,,,,,,,First plot w/ kerrith 
A2,C000,2.52,I,5.1-10cm,,1,,,,,,,,,,,,,,,,,
A2,C000,2.52,S,0-1.3 m,27,4,,,2,,,,,,,,,,,,,,
A2,C100,2.52,I,0-5cm,0,3,,,,,2,,,,,,,,,,,,
A2,C100,2.52,I,5.1-10cm,0,,,,,,,,,,,,,,,,,,
A2,C100,2.52,S,0-1.3 m,7,8,,,,,,,,,,,,,,,,,
A2,D050,3.99,I,0-5cm,7,2,,,,,,,,,,,,,,,,,
A2,D050,3.99,I,5.1-10cm,0,,,,,,,,,,,,,,,,,,
A2,D050,3.99,S,0-1.3 m,11,3,,,,,,,,3,1,,,,,,,,
A2,D200,3.99,I,0-5cm,0,,,,,,,,,,,,,,,,,,
A2,D200,3.99,I,5.1-10cm,0,,1,,,,,,,,,,,,,,,,
A2,D200,3.99,S,0-1.3 m,52,1,1,,,,1,,,,,,,,,,,,
A2,E050,5.64,I,0-5cm,,2,,,,,,,,,2,,,,,,,,
A2,E050,5.64,I,5.1-10cm,,1,,,,,,,,,,,,,,,,,
A2,E050,5.64,S,0-1.3 m,11,1,2,,,,,,,,,,,,,,,,
A2,E200,3.99,I,0-5cm,1,,,,,,,,,,,,,,,,,,
A2,E200,3.99,I,5.1-10cm,0,,,,,,,,,,,,,,,,,,
A2,E200,3.99,S,0-1.3 m,11,1,,,,,,,,1,1,,,,,,,,
A2,F000,3.99,I,0-5cm,,2,,,,,,,,,,,,,,,,,
A2,F000,3.99,I,5.1-10cm,,3,,,,,,,,1,,,,,,,,,
A2,F000,3.99,S,0-1.3 m,4,1,1,,,,,,,,,,,,,,,,
A2,F100,5.64,I,0-5cm,0,,,,,,,,,,,,,,,,,,
A2,F100,5.64,I,5.1-10cm,0,1,,,,,,,,,,,,,,,,,
A2,F100,5.64,S,0-1.3 m,6,1,,,,,,,,,,,,,,,,,
A2,F250,1.78,I,0-5cm,0,,,,,,,,,,,,,,,,,,
A2,F250,1.78,I,5.1-10cm,0,,,,,,,,,,,,,,,,,,
A2,F250,1.78,S,0-1.3 m,23,,1,,,,,,,,,,,,,,,,
A2,G000,1.26,I,0-5cm,0,,,,,,,,,,,,,,,,,,
A2,G000,1.26,I,5.1-10cm,0,,,,,,,,,,,,,,,,,,
A2,G000,1.26,S,0-1.3 m,13,,,,1,,,,,,,,,,,,,,
A2,G100,3.99,I,0-5cm,,1,,,,,,,,,,,,,,,,,
A2,G100,3.99,I,5.1-10cm,0,,,,,,,,,,,,,,,,,,
A2,G100,3.99,S,0-1.3 m,3,2,,,,,,,,,,,,,,,,,
A2,G250,2.52,I,0-5cm,12,,,,,,,,,2,,,,,,,,,
A2,G250,2.52,I,5.1-10cm,0,,,,,,,,,,,,,,,,,,
A2,G250,2.52,S,0-1.3 m,37,,,,,,,,,,,,,,,,,,
A2,H050,1.26,I,0-5cm,9,,,,,,,,,,,,1,,,,,,
A2,H050,1.26,I,5.1-10cm,0,,,,,,,,,,,,,,,,,,
A2,H050,1.26,S,0-1.3 m,9,,,3,,,,,,,,,,,,,,,
A2,H150,3.99,I,0-5cm,0,5,,,,,1,,,,,,,,,,,,
A2,H150,3.99,I,5.1-10cm,0,,,,,,,,,,,,,,,,,,
A2,H150,3.99,S,0-1.3 m,35,2,2,2,,,,,,,,,,,,,,,
A2,H250,2.52,I,0-5cm,0,,1,,,,,,,,,,,,,,,,Lots of regen less than 20cm
A2,H250,2.52,I,5.1-10cm,1,1,,,,,,,,,,,,,,,,,
A2,H250,2.52,S,0-1.3 m,20,,3,,,,,,,,,,,,,,,,
A2,H350,3.99,I,0-5cm,0,5,,,,,,,,,1,,,,,,,,
A2,H350,3.99,I,5.1-10cm,0,,,,,,,,,,,,,,,,,,
A2,H350,3.99,S,0-1.3 m,28,6,1,,,,,,,,,,,,,,,,
A2,I050,3.99,I,0-5cm,,3,,,,,,,,,,,,,,,,,
A2,I050,3.99,I,5.1-10cm,,,,,,,,,,1,,,,,,,,,
A2,I050,3.99,S,0-1.3 m,6,3,,,,,,,,,,,,,,,,,
A2,I150,3.99,I,0-5cm,0,3,,,,,,,,,,,,,,,,,
A2,I150,3.99,I,5.1-10cm,0,3,,,,,,,,,,,,,,,,,
A2,I150,3.99,S,0-1.3 m,2,,,,,,,,,,,,,,,,,,
A2,I250,2.52,I,0-5cm,12,1,1,,,,,,,,,,,,,,,,
A2,I250,2.52,I,5.1-10cm,0,,,,,,,,,,,,,,,,,,
A2,I250,2.52,S,0-1.3 m,21,1,,,,,,,,,,,,,,,,,
A2,I350,5.64,I,0-5cm,1,,,,,,,,,3,,,,,,,,,
A2,I350,5.64,I,5.1-10cm,5,1,,,,,,,,1,,,,,,,,,
A2,I350,5.64,S,0-1.3 m,0,,,,,,,,,,,,,,,,,,
A2,J050,3.99,I,0-5cm,0,,,,,,,,,,,,,,,,,,
A2,J050,3.99,I,5.1-10cm,0,,,,,,,,,,,,,,,,,,
A2,J050,3.99,S,0-1.3 m,46,2,1,,,,,,,1,,,,,,,,,
A2,J150,3.99,I,0-5cm,0,3,,,,,,,,1,,,,,,,,,
A2,J150,3.99,I,5.1-10cm,0,,,,,,,,,1,,,,,,,,,
A2,J150,3.99,S,0-1.3 m,0,6,,,,,,,,,,,,,,,,,
A2,J250,3.99,I,0-5cm,0,,,,,,,,,,,,,,,,,,
A2,J250,3.99,I,5.1-10cm,0,,,,,,,,,3,,,,,,,,,
A2,J250,3.99,S,0-1.3 m,0,8,,,,,,,,,,,,,,,,,
A2,K050,1.26,I,0-5cm,0,,,,,,,,,,,,,,,,,,
A2,K050,1.26,I,5.1-10cm,0,,,,,,,,,,,,,,,,,,
A2,K050,1.26,S,0-1.3 m,37,4,1,,,,,,,1,,,,,,,,,
A2,K150,3.99,I,0-5cm,0,1,,,,,,,,,,,,,,,,,
A2,K150,3.99,I,5.1-10cm,0,2,,,,,,,,1,,,,,,,,,
A2,K150,3.99,S,0-1.3 m,0,,,,,,,,,,,,,,,,,,
A2,L000,2.52,I,0-5cm,0,,,,,,,,,,,,,,,,,,
A2,L000,2.52,I,5.1-10cm,1,,,,,,,,,,,,,,,,,,
A2,L000,2.52,S,0-1.3 m,25,1,,,,,,,,,,,,,,,,,
A2,L100,3.99,I,0-5cm,0,,,,,,,,,,,,,,1,,,,
A2,L100,3.99,I,5.1-10cm,0,2,,,,,,,,,,,,,,,,,
A2,L100,3.99,S,0-1.3 m,8,,,,,,,,,,,,,,,,,,
A3,A100,1.26,I,0-5cm,2,1,,,,,6,,,,,,,,,,,,Ep throughout this block occur as basal sprouts. Counted each seperately.
A3,A100,1.26,I,5.1-10cm,0,,,,,,,,,,,,,,,,,,
A3,A100,1.26,S,0-1.3 m,6,5,1,,,,10,,2,,,,,,,,,,
A3,A300,2.52,I,0-5cm,4,,1,,,,14,,3,,,,,,,,,,
A3,A300,2.52,I,5.1-10cm,3,,1,,,,,,,,,,,,,,,,
A3,A300,2.52,S,0-1.3 m,14,3,,,,,8,,1,,,,,,,,,,
A3,B050,1.25,I,0-5cm,,,,,,,14,1,,,,,,,,,,,
A3,B050,1.25,I,5.1-10cm,,,1,,,,,,,,,,,,,,,,
A3,B050,1.25,S,0-1.3 m,3,,,,,,,,,,,,,,,,,,
A3,B200,2.52,I,0-5cm,0,,1,,,,1,,6,,,,,,,,,1,In a hole 
A3,B200,2.52,I,5.1-10cm,0,,,,,,,,,,,,,,,,,,
A3,B200,2.52,S,0-1.3 m,1,,,,,,14,,,,,,,,,1,,,Heavy  browse on Ep
A3,C100,1.26,I,0-5cm,1,1,1,,,,5,,,,,,,,,,,,
A3,C100,1.26,I,5.1-10cm,0,,,,,,,,,,,,,,,,,,
A3,C100,1.26,S,0-1.3 m,0,,,,,,,1,,,,,,,,,,,
A3,C250,1.26,I,0-5cm,0,,,,,,14,3,,,,,,,,3,,,
A3,C250,1.26,I,5.1-10cm,0,,,,,,,,,,,,,,,,,,
A3,C250,1.26,S,0-1.3 m,1,1,,,,,1,,,,,,,,,,,,
A3,D000,2.52,I,0-5cm,2,2,,,,,1,,,,,,,,,,,,
A3,D000,2.52,I,5.1-10cm,0,,,,,,,,,,,,,,,,,,
A3,D000,2.52,S,0-1.3 m,1,5,1,,,,,,,,,,,,,,,,
A3,D200,2.52,I,0-5cm,3,1,,,,,13,2,,,,,,,,,,,w/Dave and Albanie
A3,D200,2.52,I,5.1-10cm,1,,,,,,,,,,,,,,,,,,
A3,D200,2.52,S,0-1.3 m,8,,,,,,,,,,,,,,,,,,
A3,D350,2.52,I,0-5cm,0,2,1,,,,5,,10,,,,1,,,,,,
A3,D350,2.52,I,5.1-10cm,0,,,,,,1,,1,,,,,,,,,,
A3,D350,2.52,S,0-1.3 m,12,3,1,,,,,,,,,,,,,,,,
A3,E050,2.52,I,0-5cm,1,,,,,,,,2,,,,,,,,,,
A3,E050,2.52,I,5.1-10cm,0,,,,,,,,,,,,,,,,,,
A3,E050,2.52,S,0-1.3 m,2,1,1,,,,,,,,,,,,,,,,
A3,E300,1.26,I,0-5cm,0,,1,,,,1,,,,,,,,,,,,
A3,E300,1.26,I,5.1-10cm,1,,,1,,,,,,,,,,,,,,,
A3,E300,1.26,S,0-1.3 m,5,4,,,,,,,1,,,,,,,,,,
A3,F100,1.26,I,0-5cm,0,,,,,,5,1,,,,,,,,,,,
A3,F100,1.26,I,5.1-10cm,0,,,,,,,,,,,,,,,,,,
A3,F100,1.26,S,0-1.3 m,1,,,,,,1,,,,,,,,,,1,,
A3,G050,1.26,I,0-5cm,,,,,,,6,,,,,,,,,,,,
A3,G050,1.26,I,5.1-10cm,,,,,,,,,,,,,,,,,,,
A3,G050,1.26,S,0-1.3 m,1,1,,,,,,,,,,,,,,,,,plus some small Cw - too small to count
A3,G350,2.52,I,0-5cm,0,,1,,,,15,,,,,,,,,,,,
A3,G350,2.52,I,5.1-10cm,0,,,,,,,,,,,,,,,,,,
A3,G350,2.52,S,0-1.3 m,7,2,,,,,1,,,,,,,,,,,,
A3,H000,1.26,I,0-5cm,,,1,1,,,3,,5,,,,,,,,,,
A3,H000,1.26,I,5.1-10cm,,,,,,,,,1,,,,,,,,,,
A3,H000,1.26,S,0-1.3 m,1,,2,,,,,,,,,,,,,,,,
A3,H200,2.52,I,0-5cm,0,,1,,,,6,,3,,,,,,,,,,
A3,H200,2.52,I,5.1-10cm,,,,,,,,,,,,,,,,,,,
A3,H200,2.52,S,0-1.3 m,0,,,,,,3,,,,,,,,,,,,
A3,I100,2.52,I,0-5cm,,,,,,,4,,2,,,,,,,,,5,
A3,I100,2.52,I,5.1-10cm,1,,1,,,,,,,,,,,,,,,,
A3,I100,2.52,S,0-1.3 m,,1,,,,,,,1,,,,,,,,,1,
A3,I350,1.26,I,0-5cm,,,,,,,7,,,,,,,,,,,,
A3,I350,1.26,I,5.1-10cm,,,,,,,,,,,,,,,,,,,
A3,I350,1.26,S,0-1.3 m,5,3,,1,,,,,,,,,,,,,,,
A3,J050,2.52,I,0-5cm,,,1,,,,5,,,,,,,,,,,,
A3,J050,2.52,I,5.1-10cm,,1,,,,,2,,,,,,,,,,,,
A3,J050,2.52,S,0-1.3 m,,2,,,,,,,,,,,,,,,,,
A3,J300,2.52,I,0-5cm,,,3,,,,2,,1,,,,,,,,,,
A3,J300,2.52,I,5.1-10cm,,,,,,,,,,,,,,,,,,,
A3,J300,2.52,S,0-1.3 m,1,2,3,,,,,,,,,,,,,,,,
A4,C050,3.99,I,0-5cm,0,,,,,,,,,,,,,,,,,,See the large tree plots for GPS coordinates
A4,C050,3.99,I,5.1-10cm,,1,,,,,,,,,,,,,,,,,
A4,C050,3.99,S,0-1.3 m,0,,,,,,,,,,,,,,,,,,
A4,D200,3.99,I,0-5cm,,3,,,,,,,,1,,,,,,,,,Both Cw nearly horizontal on ground
A4,D200,3.99,I,5.1-10cm,1,2,,,,,,,,1,,,,,,,,,
A4,D200,3.99,S,0-1.3 m,1,4,,,,,,,,,,,,,,,,,
A4,D400,3.99,I,0-5cm,,3,,,,,,,,1,4,,,,,,,,
A4,D400,3.99,I,5.1-10cm,,5,,,,,,,,,,,,,,,,,
A4,D400,3.99,S,0-1.3 m,,1,,,,,,,,,,,,,,,,,
A4,E000,3.99,I,0-5cm,,,,,,,,,,,1,,,,,,,,
A4,E000,3.99,I,5.1-10cm,,1,,,,,,,,,,,,,,,,,
A4,E000,3.99,S,0-1.3 m,1,,,,,,,,,,,,,,,,,,
A4,E150,2.52,I,0-5cm,5,,,,,,,,,,,,,,,,,,
A4,E150,2.52,I,5.1-10cm,1,,,,,,,,,,,,,,,,,,
A4,E150,2.52,S,0-1.3 m,18,2,,,1,,,,,,,,,,,,,,
A4,E350,3.99,I,0-5cm,0,,,,,,,,,,,,,,,,,,
A4,E350,3.99,I,5.1-10cm,,2,,,,,,,,,,,,,,,,,
A4,E350,3.99,S,0-1.3 m,2,,,,,,,,,,,,,,,,,,
A4,F150,3.99,I,0-5cm,,,,,,,,,,1,,,,,,,,,
A4,F150,3.99,I,5.1-10cm,,2,,,,,,,,,,,,,,,,,
A4,F150,3.99,S,0-1.3 m,12,4,,,1,,,,,,,,,,,,,,
A4,F350,3.99,I,0-5cm,,,,,,,,,,,1,,,,,,,,
A4,F350,3.99,I,5.1-10cm,0,,,,,,,,,,,,,,,,,,
A4,F350,3.99,S,0-1.3 m,10,,,,,,,,,,,,,,,,,,
A4,G050,2.52,I,0-5cm,3,2,,,,,,,,,,,,,,,,,1 Cw is horizontal
A4,G050,2.52,I,5.1-10cm,,1,,,,,,,,,,,,,,,,,
A4,G050,2.52,S,0-1.3 m,4,,,,,,,,,,,,,,,,,,
A4,G250,2.52,I,0-5cm,,1,,,,,,,,1,1,,,,,,,,
A4,G250,2.52,I,5.1-10cm,0,,,,,,,,,,,,,,,,,,
A4,G250,2.52,S,0-1.3 m,3,2,,,,,,,,,3,,,,,,,,
A4,G450,2.52,I,0-5cm,7,,,,,,,,,,,,,,,,,,
A4,G450,2.52,I,5.1-10cm,0,,,,,,,,,,,,,,,,,,
A4,G450,2.52,S,0-1.3 m,5,1,,,6,,,,,2,,,,1,,,,,
A4,H150,3.99,I,0-5cm,0,,,,,,,,,,,,,,,,,,
A4,H150,3.99,I,5.1-10cm,0,,,,,,,,,,,,,,,,,,
A4,H150,3.99,S,0-1.3 m,15,,,,,,,,,1,,,,,,,,,
A4,H400,3.99,I,0-5cm,,1,,,,,,,,,,,,,,,,,Cw horizontal
A4,H400,3.99,I,5.1-10cm,0,,,,,,,,,,,,,,,,,,
A4,H400,3.99,S,0-1.3 m,0,,,,,,,,,,,,,,,,,,
A4,I000,2.52,I,0-5cm,3,,,,,,,,,,,,,,,,,,
A4,I000,2.52,I,5.1-10cm,0,,,,,,,,,,,,,,,,,,
A4,I000,2.52,S,0-1.3 m,34,,,,,,,,,,,,,,,,,,
A4,I200,2.52,I,0-5cm,2,,,,,,,,,,,,,,,,,,
A4,I200,2.52,I,5.1-10cm,0,,,,,,,,,,,,,,,,,,
A4,I200,2.52,S,0-1.3 m,16,4,,,,,,,,,,,,,,,,,
A4,I350,2.52,I,0-5cm,,,,,,,,,,,1,,,,,,,,
A4,I350,2.52,I,5.1-10cm,0,,,,,,,,,,,,,,,,,,
A4,I350,2.52,S,0-1.3 m,8,,,,,,,,,,,,,,,,,,
A4,J100,2.52,I,0-5cm,7,,,,,,,,,,,,,,,,,,
A4,J100,2.52,I,5.1-10cm,1,,,,,,,,,,,,,,,,,,
A4,J100,2.52,S,0-1.3 m,0,,,,,,,,,,,,,,,,,,
A4,J300,3.99,I,0-5cm,,,,,,,,,,,1,,,,,,,,
A4,J300,3.99,I,5.1-10cm,2,1,,,,,,,,2,1,,,,,,,,
A4,J300,3.99,S,0-1.3 m,6,1,,,,,,,,,,,,,,,,,
A4,K100,2.52,I,0-5cm,,4,,,1,,,,,1,,,,1,,,,,2 Cw horizontal
A4,K100,2.52,I,5.1-10cm,,2,,,,,,,,,,,,,,,,,
A4,K100,2.52,S,0-1.3 m,14,4,,,,,,,,,,,,,,,,,
A4,K300,2.52,I,0-5cm,4,,,,,,,,,,,,,,,,,,
A4,K300,2.52,I,5.1-10cm,0,,,,,,,,,,,,,,,,,,
A4,K300,2.52,S,0-1.3 m,45,1,,,,,,,,1,,,,,,,,,
B1,A050,3.99,I,0-5cm,,5,,,,,,,,,9,,,,,,,,See large tree plots for GPS coordinates
B1,A050,3.99,I,5.1-10cm,1,4,,,,,,,,,5,,,,,,,,
B1,A050,3.99,S,0-1.3 m,,2,,,,,,,,,,,,,,,,,
B1,A200,3.99,I,0-5cm,0,,,,,,,,,,,,,,,,,,
B1,A200,3.99,I,5.1-10cm,0,,,,,,,,,,,,,,,,,,
B1,A200,3.99,S,0-1.3 m,5,1,,,,,,,,,,,,,,,,,
B1,A350,3.99,I,0-5cm,0,,,,,,,,,,,,,,,,,,
B1,A350,3.99,I,5.1-10cm,,3,,,,,,,,,,,,,,,,,
B1,A350,3.99,S,0-1.3 m,11,3,,,,,,,,,,,,,,,,,
B1,B100,3.99,I,0-5cm,,1,,,,,,,,,,,,,,,,,
B1,B100,3.99,I,5.1-10cm,,4,,,,,,,,1,1,,,,,,,,
B1,B100,3.99,S,0-1.3 m,1,2,,,,,,,,,,,,,,,,,
B1,B300,3.99,I,0-5cm,,6,,,,,,,,,,,,,,,,,
B1,B300,3.99,I,5.1-10cm,,1,,,,,,,,,,,,,,,,,
B1,B300,3.99,S,0-1.3 m,,8,,,,,,,,,,,,,,,,,
B1,C000,3.99,I,0-5cm,0,,,,,,,,,,,,,,,,,,
B1,C000,3.99,I,5.1-10cm,,,,,,,,,,,2,,,,,,,,
B1,C000,3.99,S,0-1.3 m,0,,,,,,,,,,,,,,,,,,
B1,C150,3.99,I,0-5cm,,2,,,,,,,,,2,,,,,,,,
B1,C150,3.99,I,5.1-10cm,,1,,,,,,,,,,,,,,,,,
B1,C150,3.99,S,0-1.3 m,,1,,,,,,,,,,,,,,,,,Cw horizontal
B1,C350,3.99,I,0-5cm,,1,,,,,,,,,1,,,,,,,,Cw horizontal
B1,C350,3.99,I,5.1-10cm,,2,,,,,,,,,,,,,,,,,
B1,C350,3.99,S,0-1.3 m,0,,,,,,,,,,,,,,,,,,
B1,D100,3.99,I,0-5cm,,2,,,,,,,,,1,,,,,,,,Cw horizontal
B1,D100,3.99,I,5.1-10cm,,1,,,,,,,,,,,,,,,,,
B1,D100,3.99,S,0-1.3 m,,8,,,,,,,,,,,,,,,,,
B1,D300,3.99,I,0-5cm,,7,,,,,,,,,5,,,,,,,,
B1,D300,3.99,I,5.1-10cm,,5,,,,,,,,1,0,,,,,,,,
B1,D300,3.99,S,0-1.3 m,,3,,,,,,,,,,,,,,,,,
B1,E100,3.99,I,0-5cm,,2,,,,,,,,,1,,,,,,,,
B1,E100,3.99,I,5.1-10cm,,5,,,,,,,,,,,,,,,,,
B1,E100,3.99,S,0-1.3 m,4,,,,,,,,,,,,,,,,,,
B1,E200,3.99,I,0-5cm,,1,,,,,,,,,,,,,,,,,
B1,E200,3.99,I,5.1-10cm,,0,,,,,,,,,,,,,,,,,
B1,E200,3.99,S,0-1.3 m,4,10,,,,,,,,1,,,,,,,,,
B1,E350,3.99,I,0-5cm,,1,,,,,,,,,,,,,,,,,
B1,E350,3.99,I,5.1-10cm,,2,,,,,,,,,,,,,,,,,
B1,E350,3.99,S,0-1.3 m,,8,,,,,,,,,,,,,,,,,
B1,F050,3.99,I,0-5cm,0,,,,,,,,,,,,,,,,,,
B1,F050,3.99,I,5.1-10cm,,,,,,,,,,1,2,,,,,,,,Dead Hw is a stub
B1,F050,3.99,S,0-1.3 m,0,,,,,,,,,,,,,,,,,,
B1,F250,3.99,I,0-5cm,,3,,,,,,,,,3,,,,,,,,
B1,F250,3.99,I,5.1-10cm,,5,,,,,,,,,1,,,,,,,,
B1,F250,3.99,S,0-1.3 m,0,,,,,,,,,,,,,,,,,,
B1,G000,3.99,I,0-5cm,,1,,,,,,,,,,,,,,,,,
B1,G000,3.99,I,5.1-10cm,,1,,,,,,,,,,,,,,,,,
B1,G000,3.99,S,0-1.3 m,,3,,,,,,,,,,,,,,,,,
B1,G150,3.99,I,0-5cm,,6,,,,,,,,,4,,,,,,,,
B1,G150,3.99,I,5.1-10cm,,4,,,,,,,,,1,,,,,,,,
B1,G150,3.99,S,0-1.3 m,,1,,,,,,,,,,,,,,,,,
B1,G300,3.99,I,0-5cm,,1,,,,,,,,,,,,,,,,,
B1,G300,3.99,I,5.1-10cm,0,,,,,,,,,,,,,,,,,,
B1,G300,3.99,S,0-1.3 m,14,2,,,,,,,,1,,,,,,,,,
B1,H050,2.52,I,0-5cm,2,,,,,,,,,2,1,,,1,,,,,
B1,H050,2.52,I,5.1-10cm,1,,,,,,,,,1,,,,,,,,,
B1,H050,2.52,S,0-1.3 m,6,,,,,,,,,8,,,,,,,,,
B1,H200,3.99,I,0-5cm,,7,,,,,,,,,2,,,,,,,,
B1,H200,3.99,I,5.1-10cm,,5,,,,,,,,,,,,,,,,,
B1,H200,3.99,S,0-1.3 m,,3,,,,,,,,,,,,,,,,,
B2,B000,2.52,I,0-5cm,2,4,4,,,,11,,,,,,,,,,,,See large tree plots for GPS coordinates
B2,B000,2.52,I,5.1-10cm,,,,,,,,,,,,,,,,,,,Plot w/Dave and Albanie
B2,B000,2.52,S,0-1.3 m,27,23,3,,,,,,,,,,,,,,,,
B2,B100,2.52,I,0-5cm,,,,,,,,,,,,,,,,,,,Plot w/Dave and Albanie
B2,B100,2.52,I,5.1-10cm,,1,,,,,,,,,,,,,,,,,
B2,B100,2.52,S,0-1.3 m,20,,,,,,,,,,,,,,,,,,
B2,B200,1.26,I,0-5cm,9,2,1,,,,,,,,,,,,,,,,
B2,B200,1.26,I,5.1-10cm,0,,,,,,,,,,,,,,,,,,
B2,B200,1.26,S,0-1.3 m,11,3,1,,,,,,,,,,,,,,,,
B2,C050,3.99,I,0-5cm,0,,,,,,,,,,,,,,,,,,
B2,C050,3.99,I,5.1-10cm,0,,,,,,,,,,,,,,,,,,
B2,C050,3.99,S,0-1.3 m,2,3,1,,,,,,,,,,,,,,,,
B2,C150,2.52,I,0-5cm,7,,,,1,,,,,,,,,,,,,,
B2,C150,2.52,I,5.1-10cm,0,,,,,,,,,,,,,,,,,,
B2,C150,2.52,S,0-1.3 m,57,3,,1,1,,,,,2,,,,,,,,,
B2,D000,1.26,I,0-5cm,13,,,,,,2,,,,,,,,,,,,
B2,D000,1.26,I,5.1-10cm,0,,,,,,,,,,,,,,,,,,
B2,D000,1.26,S,0-1.3 m,12,7,2,,,,,,,,,,,,,,,,
B2,D100,2.52,I,0-5cm,4,,,,,,,,,,,,,,,,,,
B2,D100,2.52,I,5.1-10cm,0,,,,,,,,,,,,,,,,,,
B2,D100,2.52,S,0-1.3 m,20,,1,,,,,,,1,,,,,,,,,
B2,D200,1.26,I,0-5cm,4,,,,,,,,,,,,,,,,,,
B2,D200,1.26,I,5.1-10cm,0,,,,,,,,,,,,,,,,,,
B2,D200,1.26,S,0-1.3 m,28,2,2,,,,,,,,,,,,,,,,
B2,E050,1.26,I,0-5cm,2,,1,,,,,,,,,,,,,,,,
B2,E050,1.26,I,5.1-10cm,0,,,,,,,,,,,,,,,,,,
B2,E050,1.26,S,0-1.3 m,3,,,,,,,,,,,,,,,,,,
B2,E150,3.99,I,0-5cm,2,,,,,,,,,,,,,,,,,,
B2,E150,3.99,I,5.1-10cm,0,,,,,,,,,,,,,,,,,,
B2,E150,3.99,S,0-1.3 m,30,,,,,,,,,,,,,,,,,,
B2,F050,3.99,I,0-5cm,,2,,,,,,,,,,,,,,,,,
B2,F050,3.99,I,5.1-10cm,,1,,,,,,,,1,,,,,,,,,Cw is laying horizontal
B2,F050,3.99,S,0-1.3 m,,4,,,,,,,,,,,,,,,,,
B2,F200,2.52,I,0-5cm,8,,,,,,1,,,,,,,,,,,,
B2,F200,2.52,I,5.1-10cm,,1,,,,,,,,,,,,,,,,,
B2,F200,2.52,S,0-1.3 m,12,2,,,,,,,,,,,,,,,,,
B2,F350,1.26,I,0-5cm,0,,,,,,,,,,,,,,,,,,
B2,F350,1.26,I,5.1-10cm,0,,,,,,,,,,,,,,,,,,
B2,F350,1.26,S,0-1.3 m,47,,1,,,,,,,,,,,,,,,,
B2,G000,3.99,I,0-5cm,,,,,,,,,,,,,,2,,,,,
B2,G000,3.99,I,5.1-10cm,,1,,,,,,,,3,,,,1,,,,,
B2,G000,3.99,S,0-1.3 m,,2,,,,,,,,,,,,,,,,,
B2,G150,2.52,I,0-5cm,,,,,,,1,,,,,,,,,,,,
B2,G150,2.52,I,5.1-10cm,1,,,,,,,,2,,,,,,,,,,
B2,G150,2.52,S,0-1.3 m,2,3,1,,,,,,,,,,,,,,,,
B2,G250,2.52,I,0-5cm,0,,,,,,,,,,,,,,,,,,
B2,G250,2.52,I,5.1-10cm,0,,,,,,,,,,,,,,,,,,
B2,G250,2.52,S,0-1.3 m,20,,,,,,,,,,,,,,,,,,
B2,G350,3.99,I,0-5cm,0,,,,,,,,,,,,,,,,,,
B2,G350,3.99,I,5.1-10cm,0,,,,,,,,,,,,,,,,,,
B2,G350,3.99,S,0-1.3 m,1,1,,,,,,,,,,,,,,,,,
B2,H050,2.52,I,0-5cm,2,,,,,,,,,,,,,,,,,,
B2,H050,2.52,I,5.1-10cm,0,,,,,,,,,,,,,,,,,,
B2,H050,2.52,S,0-1.3 m,43,,,,,,,,,,,1,,,,,,,
B2,H200,3.99,I,0-5cm,0,,,,,,,,,,,,,,,,,,
B2,H200,3.99,I,5.1-10cm,,1,,,,,,,,,,,,,,,,,
B2,H200,3.99,S,0-1.3 m,9,,,,,,,,,,,,,,,,,,
B2,H300,1.26,I,0-5cm,1,,,,,,,,,,,,,,,,,,
B2,H300,1.26,I,5.1-10cm,0,,,,,,,,,,,,,,,,,,
B2,H300,1.26,S,0-1.3 m,37,,1,,,,,,,,,,,,,,,,
B2,H400,2.52,I,0-5cm,1,,,,,,,,,,,,,,,,,,
B2,H400,2.52,I,5.1-10cm,0,,,,,,,,,,,,,,,,,,
B2,H400,2.52,S,0-1.3 m,48,,,,,,1,,,,,,,,,,,,
B2,H450,3.99,I,0-5cm,,2,,,,,,,,3,,,,,,,,,Cw is horizontal
B2,H450,3.99,I,5.1-10cm,,,,,,,,,,3,,,,,,,,,
B2,H450,3.99,S,0-1.3 m,10,1,,,,,,,,,,,,,,,,,
B2,I000,2.52,I,0-5cm,12,4,,,,,,,9,,,,,,,,,,
B2,I000,2.52,I,5.1-10cm,1,,,,,,,,,,,,,,,,,,
B2,I000,2.52,S,0-1.3 m,20,5,1,,,,,,,,,,,,,,,,
B2,I150,3.99,I,0-5cm,0,,,,,,,,,,,,,,,,,,
B2,I150,3.99,I,5.1-10cm,0,,,,,,,,,,,,,,,,,,
B2,I150,3.99,S,0-1.3 m,22,1,1,,,,,,,,,,,,,,,,
B2,I300,3.99,I,0-5cm,6,,3,,,,,,,,,,,,,,,,
B2,I300,3.99,I,5.1-10cm,2,,,,,,,,,,,,,,,,,,
B2,I300,3.99,S,0-1.3 m,47,6,6,,2,,,,,,,,,,,,,,
B2,I500,1.26,I,0-5cm,0,,,,,,,,,,,,,,,,,,
B2,I500,1.26,I,5.1-10cm,0,,,,,,,,,,,,,,,,,,
B2,I500,1.26,S,0-1.3 m,17,1,1,,,,,,,1,,,,,,,,,
B2,J050,2.52,I,0-5cm,6,,,,,,,,,,,,,,,,,,
B2,J050,2.52,I,5.1-10cm,0,,,,,,,,,,,,,,,,,,
B2,J050,2.52,S,0-1.3 m,11,,,,,,,,,,,,,,,,,,
B2,J150,0.8,I,0-5cm,6,,,,,,,,,,,,,,,,,,
B2,J150,0.8,I,5.1-10cm,0,,,,,,,,,,,,,,,,,,
B2,J150,0.8,S,0-1.3 m,9,9,,,,,,,,,,,,,,,,,
B2,J300,2.52,I,0-5cm,,1,,,,,1,,,,,,,,,,,,
B2,J300,2.52,I,5.1-10cm,0,,,,,,,,,,,,,,,,,,
B2,J300,2.52,S,0-1.3 m,12,,3,,,,,,,,,,,,,,,,
B2,J450,1.26,I,0-5cm,13,,,,,,,,,,,,,,,,,,
B2,J450,1.26,I,5.1-10cm,,1,,,,,,,,,,,,,,,,,
B2,J450,1.26,S,0-1.3 m,10,3,2,,,,,,,,,,,,,,,,
B3,A050,3.99,I,0-5cm,1,,,,,,,,,,,,,,,,1,,See large tree plots for GPS coordinates
B3,A050,3.99,I,5.1-10cm,1,1,,,,,,,,,,,,,,,,,
B3,A050,3.99,S,0-1.3 m,,2,,,2,,,,,,,,,,,,,,
B3,A150,3.99,I,0-5cm,17,2,,1,,,,,,1,1,,,,,,,,
B3,A150,3.99,I,5.1-10cm,,,1,,,,,,,,,,,,,,,,
B3,A150,3.99,S,0-1.3 m,47,1,,,,,,,,,,,,,,,6,,
B3,B050,2.52,I,0-5cm,2,,1,,,,3,,,,,,,,,,,,
B3,B050,2.52,I,5.1-10cm,0,,,,,,,,,,,,,,,,,,
B3,B050,2.52,S,0-1.3 m,11,,,,,,5,,,,,,,,,,,,
B3,B150,2.52,I,0-5cm,1,1,1,,,,,,,,,,,,,,,,
B3,B150,2.52,I,5.1-10cm,,2,,,,,,,,,,,,,,,,,Cw horizontal
B3,B150,2.52,S,0-1.3 m,39,,,,,,,,,,,,,,,,,,
B3,C000,3.99,I,0-5cm,,1,,,,,,,,,,,,,,,,,Cw is horizontal
B3,C000,3.99,I,5.1-10cm,,2,1,,1,,,,,,,,,,,,,,
B3,C000,3.99,S,0-1.3 m,1,4,2,,1,,,,,,,,,,,,,,
B3,C100,3.99,I,0-5cm,2,3,,,1,,,,,,,,,,,,,,
B3,C100,3.99,I,5.1-10cm,,1,,,,,,,,,,,,,,,,,
B3,C100,3.99,S,0-1.3 m,2,16,,,,,,,,,,,,,,,,,
B3,D000,2.52,I,0-5cm,,2,,,,,,,,,,,,,,,,,1 Cw is horizontal
B3,D000,2.52,I,5.1-10cm,,1,,,,,,,,,,,,,,,,,
B3,D000,2.52,S,0-1.3 m,6,5,,,2,,1,,,,,,,,,1,,,
B3,D150,1.26,I,0-5cm,,,,,1,,,,,,,,,,,,,,
B3,D150,1.26,I,5.1-10cm,0,,,,,,,,,,,,,,,,,,
B3,D150,1.26,S,0-1.3 m,1,,,,10,,,,,,,,,,,,,,
B3,D250,2.52,I,0-5cm,2,,1,,,,,,,,,,,,,,,,
B3,D250,2.52,I,5.1-10cm,0,,,,,,,,,,,,,,,,,,
B3,D250,2.52,S,0-1.3 m,10,3,1,,,,,,,,,,,,,,,,
B3,E050,3.99,I,0-5cm,5,4,1,,3,,,,,,,,,,,,,,1 Cw is horizontal
B3,E050,3.99,I,5.1-10cm,3,1,,,1,,,,,,,,,,,,,,
B3,E050,3.99,S,0-1.3 m,4,6,,,1,,,,,,,,,,,,,,
B3,E150,2.52,I,0-5cm,7,,,,,,,,,,,,,4,,,,,
B3,E150,2.52,I,5.1-10cm,1,,,,1,,,,,,,,,,,,,,
B3,E150,2.52,S,0-1.3 m,4,,,,4,,,,,,,,,,,,,,
B3,E250,1.26,I,0-5cm,,2,,,,,5,,,,,,,,,,,,
B3,E250,1.26,I,5.1-10cm,,,,1,,,,,,,,,1,,,,,,
B3,E250,1.26,S,0-1.3 m,7,,,,,,7,,,,,,,,,,,,
B3,F000,2.52,I,0-5cm,1,1,,,,,,,,,,,,,,,,,
B3,F000,2.52,I,5.1-10cm,0,,,,,,,,,,,,,,,,,,
B3,F000,2.52,S,0-1.3 m,13,11,1,,,,,,,,,,,,,,,,
B3,F200,2.52,I,0-5cm,,,2,,,,,,,,,,,,,,,,
B3,F200,2.52,I,5.1-10cm,1,,,,,,,,,1,,,,,,,,,
B3,F200,2.52,S,0-1.3 m,21,3,2,2,,,,,,,,,,,,,,,
B3,F300,2.52,I,0-5cm,2,1,,,,,,,,,,,,,,,,,
B3,F300,2.52,I,5.1-10cm,0,,,,,,,,,,,,,,,,,,
B3,F300,2.52,S,0-1.3 m,19,7,1,,1,,,,,,,,,,,,,,
B3,G000,2.52,I,0-5cm,,,,,,,,1,,,1,,,,,,,,
B3,G000,2.52,I,5.1-10cm,0,,,,,,,,,,,,,,,,,,
B3,G000,2.52,S,0-1.3 m,31,6,4,,,,,1,,,,,,,,,,,
B3,G200,1.26,I,0-5cm,,4,,,,,,,,,,,,,,,,,
B3,G200,1.26,I,5.1-10cm,,3,,,,,,,,,,,,,,,,,
B3,G200,1.26,S,0-1.3 m,,3,,,,,,,,,,,,,,,,,
B3,G300,2.52,I,0-5cm,1,,,,,,,,,,,,,,,,,,
B3,G300,2.52,I,5.1-10cm,0,,,,,,,,,,,,,,,,,,
B3,G300,2.52,S,0-1.3 m,9,,,,,,,,,,,,,,,,,,
B3,H050,0.8,I,0-5cm,3,,,,,,4,,,,,,,,,,,,
B3,H050,0.8,I,5.1-10cm,0,,,,,,,,,,,,,,,,,,
B3,H050,0.8,S,0-1.3 m,28,1,,,,,,,,,,,,,,,,,
B3,H100,2.52,I,0-5cm,2,,1,,,,,,,,,,,,,,,,
B3,H100,2.52,I,5.1-10cm,0,,,,,,,,,,,,,,,,,,
B3,H100,2.52,S,0-1.3 m,29,7,,,,,,,,,,,,,,,,,
B3,H250,2.52,I,0-5cm,,4,,,,,,,,,1,,,1,,,,,
B3,H250,2.52,I,5.1-10cm,0,,,,,,,,,,,,,,,,,,
B3,H250,2.52,S,0-1.3 m,1,2,,,4,,,,,,1,,,,,,,,
B3,I050,1.26,I,0-5cm,0,,,,,,,,,,,,,,,,,,
B3,I050,1.26,I,5.1-10cm,0,,,,,,,,,,,,,,,,,,
B3,I050,1.26,S,0-1.3 m,18,1,,,,,,,,1,,,,,,,,,
B3,I200,2.52,I,0-5cm,4,,,,,,,,,,,,,,,,,,
B3,I200,2.52,I,5.1-10cm,0,,,,,,,,,,,,,,,,,,
B3,I200,2.52,S,0-1.3 m,5,2,,,4,,,,,,,,,,,,,,
B3,I300,3.99,I,0-5cm,,3,,,,,,,,,,,,1,,,,,
B3,I300,3.99,I,5.1-10cm,,1,,,,,,,,1,,,,2,,,,,
B3,I300,3.99,S,0-1.3 m,,4,2,,,,,,,,,,,,,,,,
B3,J050,1.26,I,0-5cm,,1,,,,,3,,,,,,,,,,,,
B3,J050,1.26,I,5.1-10cm,0,,,,,,,,,,,,,,,,,,
B3,J050,1.26,S,0-1.3 m,22,1,,,,,2,,2,,,,,,,,,,
B3,J200,2.52,I,0-5cm,0,,,,,,,,,,,,,,,,,,
B3,J200,2.52,I,5.1-10cm,,1,,,,,,,,,,,,,,,,,
B3,J200,2.52,S,0-1.3 m,28,5,2,1,,,,,,,,,,,,,,,
B3,K050,2.52,I,0-5cm,1,1,1,,,,,,,,,,,,,,,,
B3,K050,2.52,I,5.1-10cm,0,,,,,,,,,,,,,,,,,,
B3,K050,2.52,S,0-1.3 m,6,5,,,,,,,,,,,,,,,,,
B3,K250,2.52,I,0-5cm,,1,,,,,,,,,,,,,,,,,
B3,K250,2.52,I,5.1-10cm,0,,,,,,,,,,,,,,,,,,
B3,K250,2.52,S,0-1.3 m,,,,,1,,,,,,,,,,,,,,
B3,L000,0.8,I,0-5cm,6,,,,,,,,,,,,,,,,,,
B3,L000,0.8,I,5.1-10cm,0,,,,,,,,,,,,,,,,,,
B3,L000,0.8,S,0-1.3 m,8,1,1,,,,,,,1,,,,,,,,,
B3,L150,1.26,I,0-5cm,2,1,,,,,1,,,,,,,,,,,,
B3,L150,1.26,I,5.1-10cm,0,,,,,,,,,,,,,,,,,,
B3,L150,1.26,S,0-1.3 m,20,10,6,,2,,,,1,1,,,,,,,,,
B4,B050,2.52,I,0-5cm,,,,3,,,7,,,,,,,,,,,,Note that the coordinates for this unit (B4) are for where the sign is.  The plot
B4,B050,2.52,I,5.1-10cm,1,,,3,,,,,,,,,,,,,,,centre is 6 m to the north 
B4,B050,2.52,S,0-1.3 m,1,2,,,,,8,,1,,,,,,,,,,
B4,B150,1.78,I,0-5cm,0,,,2,,,3,2,2,,,,,,,,,,
B4,B150,1.78,I,5.1-10cm,0,,,,,,,,,,,,,,,,,,
B4,B150,1.78,S,0-1.3 m,5,11,1,1,,,,,,,,,,,,,,,
B4,C100,2.52,I,0-5cm,1,,2,,,,4,,,,,,,,,,,,
B4,C100,2.52,I,5.1-10cm,0,,1,,,,,,,,,,,,,,,,
B4,C100,2.52,S,0-1.3 m,0,,,,,,,,,,,,,,,,,,
B4,C250,1.26,I,0-5cm,,1,,,,,3,,2,,,,,,,,,,adjacent to road.
B4,C250,1.26,I,5.1-10cm,0,,,,,,,,,,,,,,,,,,
B4,C250,1.26,S,0-1.3 m,2,19,1,,,,1,,4,,,,,,,,,,
B4,D050,1.78,I,0-5cm,,,1,,,,6,,2,,,,,,,,,1,
B4,D050,1.78,I,5.1-10cm,,,,,,,,,,,,,,,,,,,
B4,D050,1.78,S,0-1.3 m,,1,,,,,5,,1,,,,,,,,,,
B4,D200,1.78,I,0-5cm,1,,,,,,,,,,,,,,,,,,
B4,D200,1.78,I,5.1-10cm,1,2,,,,,,,,,,,,,,,,,
B4,D200,1.78,S,0-1.3 m,0,,,,,,,,,,,,,,,,,,
B4,D300,1.78,I,0-5cm,,,1,,,,1,7,2,,,,,,,,,,
B4,D300,1.78,I,5.1-10cm,,,,1,,,,,,,,,,,,,,,
B4,D300,1.78,S,0-1.3 m,0,1,,,,,1,,,,,,,,,,,,
B4,E050,2.52,I,0-5cm,2,2,2,,,,2,3,,,,,,,,,,,
B4,E050,2.52,I,5.1-10cm,1,,1,,,,,,,,,,,,,,,,
B4,E050,2.52,S,0-1.3 m,7,,,,1,,1,,1,,,,,,,,,,
B4,E150,2.52,I,0-5cm,,,,,,,5,,2,,,,,,,,,,
B4,E150,2.52,I,5.1-10cm,1,,,,,,,,,,,,,,,,,,
B4,E150,2.52,S,0-1.3 m,1,3,,,,,4,,,,,,,,,,,,
B4,E250,2.52,I,0-5cm,1,1,1,,,,13,,,,,,,,,,,,
B4,E250,2.52,I,5.1-10cm,,,,2,,,,,,,,,,,,,,,
B4,E250,2.52,S,0-1.3 m,0,,,,,,7,,,,,,,,,,,,
B4,F000,1.26,I,0-5cm,1,1,1,,,,15,,,,,,,,,,,,
B4,F000,1.26,I,5.1-10cm,0,,,,,,,,,,,,,,,,,,
B4,F000,1.26,S,0-1.3 m,1,,,,,,,,,,,,,,,,,,
B4,F100,2.52,I,0-5cm,1,1,1,,,,1,3,,,,,,,,,3,,
B4,F100,2.52,I,5.1-10cm,,1,1,,,,,,,,,,,,,,,,
B4,F100,2.52,S,0-1.3 m,1,,1,,,,,1,,,,,,,,,,,
B4,F200,2.52,I,0-5cm,,,1,,,,5,,6,,,,,,,,,,
B4,F200,2.52,I,5.1-10cm,,,,1,,,,,,,,,,,,,,,
B4,F200,2.52,S,0-1.3 m,2,1,,1,,,10,,7,,,,,,,,1,,
B4,F300,1.78,I,0-5cm,1,,,,,,2,,1,,,,,,,,,,4 Willow looked like At - didnt count
B4,F300,1.78,I,5.1-10cm,1,,,,,,,,,,,,,,,,,,
B4,F300,1.78,S,0-1.3 m,1,,,,,,25,,1,,,,,,,,,,
B4,G000,2.52,I,0-5cm,2,,,,,,2,,3,,,,,,,,3,1,
B4,G000,2.52,I,5.1-10cm,,,2,,,,,,,,,,,,,,,,
B4,G000,2.52,S,0-1.3 m,8,1,2,1,,,,,,,,,,,,,,,
B4,G100,1.78,I,0-5cm,4,1,3,,,,3,,,,,,,,,,,,
B4,G100,1.78,I,5.1-10cm,1,,,,,,,,,,,,,,,,,,
B4,G100,1.78,S,0-1.3 m,0,,,,,,2,,,,,,,,,,,,
B4,G200,1.78,I,0-5cm,,,,,,,13,,,,,,,,,,,,
B4,G200,1.78,I,5.1-10cm,,,,,,,,,,,,,,,,,,,
B4,G200,1.78,S,0-1.3 m,1,,,,,,1,,,,,,,,,,,,
B4,G300,1.78,I,0-5cm,1,,,,,,5,,,,,,,,,1,,,
B4,G300,1.78,I,5.1-10cm,2,,,,,,,,,,,,,,,,,,
B4,G300,1.78,S,0-1.3 m,1,,,1,,,,,,,,,,,,,,,
B4,H050,2.52,I,0-5cm,1,1,,,,,5,,12,,,,,,,,,,
B4,H050,2.52,I,5.1-10cm,,1,1,1,,,,,,,,,,,,,,,
B4,H050,2.52,S,0-1.3 m,10,2,1,,,,2,,,,,,,,,,,,
B4,H250,2.52,I,0-5cm,2,,,,,,2,,,,,,,,,,,,
B4,H250,2.52,I,5.1-10cm,,2,,,,,,,,,,,,,,,,,
B4,H250,2.52,S,0-1.3 m,1,1,,,2,,,,,,,,,,,,,,
B5,A000,3.99,I,0-5cm,2,,,,,,,,,,,,,,,,,,See large tree plots for GPS coordinates
B5,A000,3.99,I,5.1-10cm,0,,,,,,,,,,,,,,,,,,
B5,A000,3.99,S,0-1.3 m,11,2,,,,,,,,,,,,,,,,,
B5,A100,2.52,I,0-5cm,0,,,,,,,,,,,,,,,,,,
B5,A100,2.52,I,5.1-10cm,0,,,,,,,,,,,,,,,,,,
B5,A100,2.52,S,0-1.3 m,35,1,3,,,,,,,,,,,,,,,,
B5,A200,3.99,I,0-5cm,,,2,,,,,,,,,,,,,,,,
B5,A200,3.99,I,5.1-10cm,,1,,,,,,,,,1,,,,,,,,
B5,A200,3.99,S,0-1.3 m,7,4,1,,,,,,,,,1,,,,,,,
B5,B050,3.99,I,0-5cm,,2,,,,,,,,,1,,,,,,,,
B5,B050,3.99,I,5.1-10cm,,1,,,,,,,,,,,,,,,,,
B5,B050,3.99,S,0-1.3 m,10,,,,,,,,,,,,,,,,,,Many Hw less than 20 cm. 
B5,B150,3.99,I,0-5cm,0,,,,,,,,,,,,,,,,,,
B5,B150,3.99,I,5.1-10cm,,3,,,,,,,,,,,,,,,,,
B5,B150,3.99,S,0-1.3 m,,2,3,,,,,,,,,,,,,,,,
B5,B350,3.99,I,0-5cm,,2,,,,,,,,,,,,,,,,,
B5,B350,3.99,I,5.1-10cm,,3,,,,,,,,,,,,,,,,,
B5,B350,3.99,S,0-1.3 m,8,11,,,,1,,,,1,,,,,,,,,
B5,C000,3.99,I,0-5cm,,,,,,,,,,,1,,,,,,,,
B5,C000,3.99,I,5.1-10cm,,3,,,,,,,,,2,,,,,,,,
B5,C000,3.99,S,0-1.3 m,0,,,,,,,,,,,,,,,,,,
B5,C150,1.78,I,0-5cm,,,1,,,,,,,,,,,,,,,,
B5,C150,1.78,I,5.1-10cm,0,,,,,,,,,,,,,,,,,,
B5,C150,1.78,S,0-1.3 m,18,1,,,,,,,,,,,,,,,,,
B5,C300,1.78,I,0-5cm,2,,,,,,,,,,1,,,,,,,,
B5,C300,1.78,I,5.1-10cm,0,,,,,,,,,,,,,,,,,,
B5,C300,1.78,S,0-1.3 m,17,,,,,,,,,,,,,,,,,,
B5,D050,1.78,I,0-5cm,0,,,,,,,,,,,,,,,,,,
B5,D050,1.78,I,5.1-10cm,0,,,,,,,,,,,,,,,,,,
B5,D050,1.78,S,0-1.3 m,27,,,,,,,,,,,,,,,,,,
B5,D150,3.99,I,0-5cm,,1,,,,,,,,,2,,,,,,,,Cw is horizontal
B5,D150,3.99,I,5.1-10cm,,2,,,,,,,,,3,,,,,,,,
B5,D150,3.99,S,0-1.3 m,10,2,,,,,,,,,,,,,,,,,
B5,D250,1.78,I,0-5cm,8,,,,,,,,,,1,,,,,,,,
B5,D250,1.78,I,5.1-10cm,3,1,,,,,,,,,,,,,,,,,
B5,D250,1.78,S,0-1.3 m,13,,,,,,,,,,,,,,,,,,
B5,D400,3.99,I,0-5cm,,2,1,,,,,,,,7,,,,,,,,
B5,D400,3.99,I,5.1-10cm,,8,,,,,,,,1,1,,,,,,,,
B5,D400,3.99,S,0-1.3 m,2,1,,,,,,,,,,,,,,,,,
B5,E050,2.52,I,0-5cm,0,,,,,,,,,,,,,,,,,,
B5,E050,2.52,I,5.1-10cm,,1,,,,,,,,,,,,,,,,,
B5,E050,2.52,S,0-1.3 m,19,,,,,,,,,,,,,,,,,,
B5,E150,3.99,I,0-5cm,,1,,,,,,,,,,,,,,,,,
B5,E150,3.99,I,5.1-10cm,,4,,,,,,,,,,,,,,,,,
B5,E150,3.99,S,0-1.3 m,10,3,1,,,,,,,,,,,,,,,,
B5,E300,2.52,I,0-5cm,2,2,,,,,,,,,,,,,,,,,
B5,E300,2.52,I,5.1-10cm,1,1,,,,,,,,,,,,,,,,,
B5,E300,2.52,S,0-1.3 m,9,8,,,,,,,,5,,,,,,,,,A value of 54 was recorded in the original data.  This is unlikely to be the case and should probably be either a 5 or a 4.
B5,E450,1.78,I,0-5cm,2,,,,,,,,,,,,,,,,,,
B5,E450,1.78,I,5.1-10cm,0,,,,,,,,,,,,,,,,,,
B5,E450,1.78,S,0-1.3 m,26,,1,,,,,,,,,,,,,,,,
B5,F000,3.99,I,0-5cm,,10,,,,,,,,,,,,,,,,,2 Cw horizontal
B5,F000,3.99,I,5.1-10cm,1,1,,,,,,,,,,,,,,,,,
B5,F000,3.99,S,0-1.3 m,4,11,,1,,,,,,,1,,,,,,,,
B5,F100,3.99,I,0-5cm,0,,,,,,,,,,,,,,,,,,
B5,F100,3.99,I,5.1-10cm,,1,,,,,,,,,1,,,,,,,,
B5,F100,3.99,S,0-1.3 m,3,2,,,,,,,,,,,,,,,,,
B5,F200,3.99,I,0-5cm,,1,,,,,,,,,,,,,,,,,
B5,F200,3.99,I,5.1-10cm,,3,,,,,,,,,1,,,,,,,,
B5,F200,3.99,S,0-1.3 m,,1,,,,,,,,,,,,,,,,,
B5,F300,2.52,I,0-5cm,1,,,,,,,,,,1,,,,,,,,
B5,F300,2.52,I,5.1-10cm,,2,,,,,,,,,,,,,,,,,
B5,F300,2.52,S,0-1.3 m,35,4,,,,,,,,,,,,,,,,,
B5,F400,3.99,I,0-5cm,1,,,,,,1,,,,,,,,,,,,
B5,F400,3.99,I,5.1-10cm,2,,,,,,,,,,,,,,,,,,
B5,F400,3.99,S,0-1.3 m,3,4,,,,,,,,,,,,,,,,,
B5,G100,3.99,I,0-5cm,,4,,,,,,,,,1,,,,,,,,
B5,G100,3.99,I,5.1-10cm,0,,,,,,,,,,,,,,,,,,
B5,G100,3.99,S,0-1.3 m,1,5,,,,1,,,,,,,,,,,,,
B5,G200,3.99,I,0-5cm,,5,1,,,,,,,,,,,,,,,,4 Cw are horizontal
B5,G200,3.99,I,5.1-10cm,1,3,,,,,,,,,1,,,,,,,,
B5,G200,3.99,S,0-1.3 m,,4,1,,,,,,,3,1,,,,,,,,
B5,G300,3.99,I,0-5cm,,6,,,,,,,,,1,,,,,,,,1 Cw is horizontal 
B5,G300,3.99,I,5.1-10cm,3,4,,,,,,,,,,,,,,,,,
B5,G300,3.99,S,0-1.3 m,,2,,,,,,,,,,,,,,,,,
B5,G400,2.52,I,0-5cm,3,,,,1,,,,,,,,,,,,,,
B5,G400,2.52,I,5.1-10cm,1,,,,,,,,,,,,,,,,,,
B5,G400,2.52,S,0-1.3 m,9,,,,,,,,,,,,,,,,,,
B5,H000,3.99,I,0-5cm,,3,,,,,,,,,4,,,,,,,,1 Cw is horizontal
B5,H000,3.99,I,5.1-10cm,,2,,,,,,,,1,1,,,,,,,,
B5,H000,3.99,S,0-1.3 m,,2,,,,,,,,,,,,,,,,,
B5,H100,3.99,I,0-5cm,1,,,,,,,,,,,,,,,,,,
B5,H100,3.99,I,5.1-10cm,0,,,,,,,,,,,,,,,,,,
B5,H100,3.99,S,0-1.3 m,,2,,,,,,,,,,,,,,,,,
B5,H200,1.26,I,0-5cm,1,1,,,,,2,,1,,,,,,,,,,
B5,H200,1.26,I,5.1-10cm,,1,,,,,,,,,,,,,,,,,
B5,H200,1.26,S,0-1.3 m,20,5,,,,,,,,,,,,,,,,,
B5,H300,3.99,I,0-5cm,,3,,,,,,,,,,,,,,,,,1 Cw is horizontal
B5,H300,3.99,I,5.1-10cm,1,3,,,,,,,,,,,,,,,,,
B5,H300,3.99,S,0-1.3 m,,1,,,,,,,,,1,,,,,,,,
C1,B100,3.99,I,0-5cm,0,,,,,,,,,1,,,,,,,,,See large tree plot for GPS coordinates
C1,B100,3.99,I,5.1-10cm,0,,,,,,,,,,,,,,,,,,
C1,B100,3.99,S,0-1.3 m,0,,,,,,,,,,,,,,,,,,
C1,C000,3.99,I,0-5cm,0,,,,,,,,,,,,,,,,,,
C1,C000,3.99,I,5.1-10cm,0,,,,,,,,,,,,,,,,,,
C1,C000,3.99,S,0-1.3 m,0,,,,,,,,,,,,,,,,,,1 if trees 10 to 15 cm in ht included
C1,D100,3.99,I,0-5cm,0,1,,,,,,,,,,,,,,,,,snake like Cw
C1,D100,3.99,I,5.1-10cm,0,,,,,,,,,,,,,,,,,,
C1,D100,3.99,S,0-1.3 m,3,1,,,,1,,,,,,,,,,,,,15 if trees 10 to 15 cm in ht included
C1,E050,3.99,I,0-5cm,0,,,,,1,,,,,,,,,,,,,
C1,E050,3.99,I,5.1-10cm,1,,,,,,,,,1,,,,,,,,,
C1,E050,3.99,S,0-1.3 m,21,2,,,,,,,,3,,,,,,,,,45 if >10 included
C1,E200,3.99,I,0-5cm,0,1,,,,,,,,,,,,,,,,,
C1,E200,3.99,I,5.1-10cm,0,,,,,,,,,1,,,,,,,,,
C1,E200,3.99,S,0-1.3 m,4,,,,,,,,,,,,,,,,,,9 if >10 included
C1,F000,3.99,I,0-5cm,0,,,,,,,,,,,,,,,,,,no regen dead or alive
C1,F000,3.99,I,5.1-10cm,0,,,,,,,,,,,,,,,,,,
C1,F000,3.99,S,0-1.3 m,0,,,,,,,,,,,,,,,,,,
C1,F150,3.99,I,0-5cm,0,,,,,,,,,2,,,,,,,,,
C1,F150,3.99,I,5.1-10cm,0,,,,,,,,,1,,,,,,,,,
C1,F150,3.99,S,0-1.3 m,3,,,,,,,,,,,,,,,,,,4 if >10 included
C1,F350,3.99,I,0-5cm,7,,,,,,,,,,,,,,,,,,
C1,F350,3.99,I,5.1-10cm,1,1,,,,,,,,2,,,,,,,,,
C1,F350,3.99,S,0-1.3 m,15,,1,,,,,,,,,,,,,,,,41 if >10 included
C1,G050,3.99,I,0-5cm,1,,,,,,,,,3,,,,,,,,,
C1,G050,3.99,I,5.1-10cm,0,,,,,,,,,,,,,,,,,,
C1,G050,3.99,S,0-1.3 m,1,,,,,,,,,2,,,,,,,,,
C1,G250,3.99,I,0-5cm,0,,,,,,,,,1,,,,,,,,,
C1,G250,3.99,I,5.1-10cm,0,,,,,,,,,,1,,,,,,,,
C1,G250,3.99,S,0-1.3 m,1,,,,,,,,,,,,,,,,,,3 if > 10 included
C1,G400,3.99,I,0-5cm,0,,,,,,,,,,,,,,,,,,
C1,G400,3.99,I,5.1-10cm,0,,,,,,,,,,1,,,,,,,,
C1,G400,3.99,S,0-1.3 m,1,,,,,,,,,,,,,,,,,,4 if >10 included
C1,H050,3.99,I,0-5cm,0,,,,,,,,,,,,,,,,,,
C1,H050,3.99,I,5.1-10cm,0,,,,,,,,,1,,,,,,,,,
C1,H050,3.99,S,0-1.3 m,0,,,,,,,,,,,,,,,,,,2 if >10 included
C1,H200,3.99,I,0-5cm,0,,,,,,,,,,,,,,,,,,
C1,H200,3.99,I,5.1-10cm,0,1,,,,,,,,,,,,,,,,,
C1,H200,3.99,S,0-1.3 m,0,,,,,,,,,,,,,,,,,,3 if >10 included
C1,H350,3.99,I,0-5cm,0,,,,,,,,,,,,,,,,,,
C1,H350,3.99,I,5.1-10cm,0,,,,,,,,,,,,,,,,,,
C1,H350,3.99,S,0-1.3 m,0,,,,,,,,,,,,,,,,,,
C1,I100,3.99,I,0-5cm,,1,,,,,,,,,,,,,,,,,
C1,I100,3.99,I,5.1-10cm,1,,,,,,,,,1,,,,,,,,,
C1,I100,3.99,S,0-1.3 m,2,,,,,,,,,,,,,,,,,,
C1,I250,3.99,I,0-5cm,0,,,,,,,,,1,,,,,,,,,
C1,I250,3.99,I,5.1-10cm,0,,,,,,,,,4,1,,,,,,,,
C1,I250,3.99,S,0-1.3 m,1,,,,,,,,,,,,,,,,,,
C1,J000,3.99,I,0-5cm,0,,,,,,,,,,,,,,,,,,
C1,J000,3.99,I,5.1-10cm,0,,,,,,,,,,,,,,,,,,
C1,J000,3.99,S,0-1.3 m,1,,,,,,,,,,,,,,,,,,5 if >10 included
C1,J150,1.78,I,0-5cm,1,,,,,,,,,,,,,,,,,,
C1,J150,1.78,I,5.1-10cm,0,,,,,,,,,,,,,,,,,,
C1,J150,1.78,S,0-1.3 m,5,1,,,,2,,,,,,,,,,,,,
C1,K050,3.99,I,0-5cm,0,,,,,,,,,,,,,,,,,,
C1,K050,3.99,I,5.1-10cm,0,,,,,,,,,,,,,,,,,,
C1,K050,3.99,S,0-1.3 m,8,,,,,,,,,,,,,,,,,,10 if >10 included
C1,L050,3.99,I,0-5cm,0,,,,,,,,,,,,,,,,,,
C1,L050,3.99,I,5.1-10cm,0,,,,,,,,,,,,,,,,,,
C1,L050,3.99,S,0-1.3 m,10,,,,,,,,,,,,,,,,,,21 if >10 included
C2,B050,1.26,I,0-5cm,,,2,,,,1,,,,,,,,,,,,See large tree plots for GPS coordinates
C2,B050,1.26,I,5.1-10cm,0,,,,,,,,,,,,,,,,,,
C2,B050,1.26,S,0-1.3 m,7,4,3,,1,,,,,,,,,,,,,,
C2,C150,0.8,I,0-5cm,4,,,1,,,,,,,,,,,,,,,
C2,C150,0.8,I,5.1-10cm,,,,,,,,,,,,,,,,,,,
C2,C150,0.8,S,0-1.3 m,3,,,,,,,,,,,,,,,,,,
C2,D000,1.26,I,0-5cm,1,,2,,,,,,,,,,,,,,,,
C2,D000,1.26,I,5.1-10cm,,,,,,,,,,,,,,,,,,,
C2,D000,1.26,S,0-1.3 m,3,2,1,,,,,,,,,,,,,,,,
C2,D150,2.52,I,0-5cm,3,,,,,,,,,,,,,,,,,,
C2,D150,2.52,I,5.1-10cm,,,,,,,,,,,,,,,,,,,
C2,D150,2.52,S,0-1.3 m,7,3,2,,1,1,,,,,,,,,,,,,
C2,E050,3.99,I,0-5cm,,,,,,,,,,,,,,,,,,,
C2,E050,3.99,I,5.1-10cm,,1,,,,,,,,,,,,,,,,,
C2,E050,3.99,S,0-1.3 m,9,,1,,,,,,,,,,,,,,,,
C2,E150,0.8,I,0-5cm,2,,2,,,,,,,,,,,,,,,,
C2,E150,0.8,I,5.1-10cm,,,,,,,,,,,,,,,,,,,
C2,E150,0.8,S,0-1.3 m,2,1,,,,,,,,,,,,,,,,,
C2,E250,1.26,I,0-5cm,,1,,,,,,,,,,,,,,,,,
C2,E250,1.26,I,5.1-10cm,,,,,,,,,,,,,,,,,,,
C2,E250,1.26,S,0-1.3 m,8,9,,,,,,,,,,,,,,,,,
C2,F000,1.26,I,0-5cm,1,,,,,,,,,,,,,,,,,,
C2,F000,1.26,I,5.1-10cm,0,,,,,,,,,,,,,,,,,,
C2,F000,1.26,S,0-1.3 m,5,2,2,,,,,,,,,,,,,,,,
C2,F150,2.52,I,0-5cm,1,,,,,,,,,,1,,,,,,,,
C2,F150,2.52,I,5.1-10cm,,1,,,,,,,,,,,,,,,,,>45 degrees
C2,F150,2.52,S,0-1.3 m,15,0,3,,,,,,,,,,,,,,,,
C2,F300,1.26,I,0-5cm,,,,,,,5,,,,,,,,,,,,
C2,F300,1.26,I,5.1-10cm,,,1,,,,1,,,,,,,,,,,,
C2,F300,1.26,S,0-1.3 m,6,3,,,,,,,,,,,,,,,,,
C2,G050,1.26,I,0-5cm,1,,,,,,,,,,,,,,,,,,
C2,G050,1.26,I,5.1-10cm,,,,,,,,,,,,,,,,,,,
C2,G050,1.26,S,0-1.3 m,13,1,,,,,,,,,,,,,,,,,
C2,G200,1.26,I,0-5cm,,,1,,,,,,1,,,,1,,,,,,
C2,G200,1.26,I,5.1-10cm,0,,,,,,,,,,,,,,,,,,
C2,G200,1.26,S,0-1.3 m,10,2,5,,1,,,,,,,,,,,,,,
C2,G300,0.8,I,0-5cm,,,,,,,2,,,,,,,,,,,,
C2,G300,0.8,I,5.1-10cm,,,,,,,,,,,,,,,,,,,
C2,G300,0.8,S,0-1.3 m,14,5,1,,,,,,,,,,,,,,,,
C2,H000,2.52,I,0-5cm,1,,,,,,,,,,,,,,,,,,
C2,H000,2.52,I,5.1-10cm,,,,,,,,,,,,,,,,,,,
C2,H000,2.52,S,0-1.3 m,27,,2,,,,,,,,,,,,,,,,
C2,H100,1.78,I,0-5cm,,,1,,,,,,,,,,,,,,,,
C2,H100,1.78,I,5.1-10cm,,,,,,,,,,,,,,,,,,,
C2,H100,1.78,S,0-1.3 m,21,5,12,,,1,,,,,,,,,,,,,
C2,H250,0.8,I,0-5cm,5,1,,,,,,,,,,,,,,,,,
C2,H250,0.8,I,5.1-10cm,0,,,,,,,,,,,,,,,,,,
C2,H250,0.8,S,0-1.3 m,20,3,2,,,,,,,,,,,,,,,,
C2,H350,0.8,I,0-5cm,3,,,,,,,,,,,,,,,,,,
C2,H350,0.8,I,5.1-10cm,,,,,,,,,,,,,,,,,,,
C2,H350,0.8,S,0-1.3 m,11,4,8,,,1,,,,,,,,,,,,,
C2,I100,2.52,I,0-5cm,,1,,,,,,1,,,,,,,,,,,
C2,I100,2.52,I,5.1-10cm,,,,,,,,,,,,,,,,,,,
C2,I100,2.52,S,0-1.3 m,2,3,,,,,,1,,,,,,,,,,,
C2,I200,3.99,I,0-5cm,,,1,,,,2,,,1,,,,,,,,,
C2,I200,3.99,I,5.1-10cm,,,,,,,,,,,,,,,,,,,
C2,I200,3.99,S,0-1.3 m,9,,,,,,,,,,,,,,,,,,
C2,I300,2.52,I,0-5cm,,2,1,,,,,,,,,,,,,,,,
C2,I300,2.52,I,5.1-10cm,,,,,,,,,,,,,,,,,,,
C2,I300,2.52,S,0-1.3 m,4,17,7,,,,,,,,,,,,,,,,
C2,I450,1.78,I,0-5cm,6,1,,,,,1,,1,,,,,,,,,,
C2,I450,1.78,I,5.1-10cm,,,,1,,,,,,,,,,,,,,,
C2,I450,1.78,S,0-1.3 m,6,6,1,,,,,,,,,,,,,,,,
C2,J050,1.78,I,0-5cm,2,,,,,,3,,,,,,,,,,,,
C2,J050,1.78,I,5.1-10cm,,,,,,,,,,,,,,,,,,,
C2,J050,1.78,S,0-1.3 m,16,1,1,,,,2,,,,,,,,,,,,
C2,J200,2.52,I,0-5cm,,1,2,,1,,,,,,,,,,,,,,
C2,J200,2.52,I,5.1-10cm,0,,,,,,,,,,,,,,,,,,
C2,J200,2.52,S,0-1.3 m,1,2,2,,,,,,,,,,,,,,,,
C2,J300,3.99,I,0-5cm,,1,,,,,,,,,,,,,,,,,
C2,J300,3.99,I,5.1-10cm,,1,,,,,,,,,,,,,,,,,
C2,J300,3.99,S,0-1.3 m,26,1,1,,,,,,,,,,,,,,,,
C2,J450,2.52,I,0-5cm,0,,,,,,,,,,,,,,,,,,
C2,J450,2.52,I,5.1-10cm,0,,,,,,,,,,,,,,,,,,
C2,J450,2.52,S,0-1.3 m,5,,3,,,,,,,,,,,,,,,,
C2,K000,3.99,I,0-5cm,2,2,,,1,,,,,2,,,,,,,,,
C2,K000,3.99,I,5.1-10cm,1,,,,,,,,,1,1,,,,,,,,
C2,K000,3.99,S,0-1.3 m,14,3,,,1,,,,,,,,,,,,,,
C2,K100,2.52,I,0-5cm,1,5,,,,,,,,,,,,,,,,,
C2,K100,2.52,I,5.1-10cm,1,3,,,,,,,,,,,,,,,,,
C2,K100,2.52,S,0-1.3 m,1,10,,,4,,,,,,1,,,,,,,,
C2,K250,3.99,I,0-5cm,1,,1,,,,,,,,,,,,,,,,lots of other small regen <15 cm tall
C2,K250,3.99,I,5.1-10cm,,,,,,,,,,,,,,,,,,,
C2,K250,3.99,S,0-1.3 m,10,,,,,,,,,,,,,,,,,,
C2,L000,2.54,I,0-5cm,1,,5,,,,,,,,,,,,,,,,
C2,L000,2.54,I,5.1-10cm,,,,,,,,,,,,,,,,,,,
C2,L000,2.54,S,0-1.3 m,7,3,4,,,,,,,,,,,,,,,,
C2,L100,3.99,I,0-5cm,0,,,,,,,,,,,,,,,,,,"brushy site, equisetum/Opho"
C2,L100,3.99,I,5.1-10cm,0,,,,,,,,,,,,,,,,,,
C2,L100,3.99,S,0-1.3 m,6,3,4,,,,,,,,,,,,,,,,
C3,A000,2.52,I,0-5cm,0,,,,1,,,,,,,,,,,,,,See large tree plots for GPS coordinates
C3,A000,2.52,I,5.1-10cm,0,,,,,,,,,,,,,,,,,,
C3,A000,2.52,S,0-1.3 m,25,,,,,,,,,2,,,,,,,,,
C3,B100,2.52,I,0-5cm,0,,,,,,,,,,,,,,,,,,
C3,B100,2.52,I,5.1-10cm,0,,,,,,,,,2,,,,,,,,,
C3,B100,2.52,S,0-1.3 m,0,,,,,,,,,,,,,,,,,,
C3,C000,1.26,I,0-5cm,3,,,,,,,,,,,,,,,,,,
C3,C000,1.26,I,5.1-10cm,3,,,,,,,,,,,,,,,,,,
C3,C000,1.26,S,0-1.3 m,10,,,,,,,,,,,,,,,,,,
C3,C100,2.52,I,0-5cm,,,1,,,,,,,,,,,,,,,,
C3,C100,2.52,I,5.1-10cm,,,,,,,,,,,,,,,,,,,
C3,C100,2.52,S,0-1.3 m,19,,2,,,,,,,,,,,,,,,,
C3,C200,2.52,I,0-5cm,,2,,,,,,,,,,,,,,,,,
C3,C200,2.52,I,5.1-10cm,1,1,,,,,,,,,,,,,,,,,
C3,C200,2.52,S,0-1.3 m,8,,,,,,,,,,,,,,,,,,
C3,D000,1.26,I,0-5cm,3,,,,,,,,,,,,,,,,,,
C3,D000,1.26,I,5.1-10cm,,,,,,,,,,,,,,,,,,,
C3,D000,1.26,S,0-1.3 m,22,2,1,,,,,,,,,,,,,,,,
C3,D100,2.52,I,0-5cm,0,,,,,,,,,,,,,,,,,,
C3,D100,2.52,I,5.1-10cm,0,,,,,,,,,,,,,,,,,,
C3,D100,2.52,S,0-1.3 m,9,,,,,,,,,,,,,,,,,,
C3,D250,3.99,I,0-5cm,,,,,,,,,,1,,,,,,,,,
C3,D250,3.99,I,5.1-10cm,,,,,,,,,,,,,,,,,,,
C3,D250,3.99,S,0-1.3 m,17,1,3,,,,,,,2,,,,,,,,,
C3,D350,0.8,I,0-5cm,10,,,,,,,,,,,,,,,,,,
C3,D350,0.8,I,5.1-10cm,0,,,,,,,,,,,,,,,,,,
C3,D350,0.8,S,0-1.3 m,19,,2,,,,,,,,,,,,,,,,
C3,E050,3.99,I,0-5cm,0,,,,,,,,,,,,,,,,,,
C3,E050,3.99,I,5.1-10cm,0,,,,,,,,,,,,,,,,,,
C3,E050,3.99,S,0-1.3 m,23,,,,,,,,,3,,,,,,,,,
C3,E150,2.52,I,0-5cm,0,,,,,,,,,,,,,,,,,,
C3,E150,2.52,I,5.1-10cm,0,,,,,,,,,,,,,,,,,,
C3,E150,2.52,S,0-1.3 m,9,1,,,,,2,,,,,,,,,,,,
C3,E300,3.99,I,0-5cm,0,,,,,,,,,1,,,,,,,,,
C3,E300,3.99,I,5.1-10cm,1,,,,,,,,,3,,,,,,,,,
C3,E300,3.99,S,0-1.3 m,2,,,,,,,,,,,,,,,,,,"unsure about 4 possible At, 1 is a clump, all tiny"
C3,F100,3.99,I,0-5cm,0,,1,,,,,,,,,,,,,,,,
C3,F100,3.99,I,5.1-10cm,0,,,,,,,,,,,,,,,,,,
C3,F100,3.99,S,0-1.3 m,27,2,,,,,,,,,,,,,,,,,
C3,F250,3.99,I,0-5cm,1,,,,,,,,,,,,,,,,,,
C3,F250,3.99,I,5.1-10cm,2,,,,,,,,,,,,,,,,,,
C3,F250,3.99,S,0-1.3 m,4,,,,,,,,,,,,,,,,,,
C3,F350,0.8,I,0-5cm,,,2,,,,,,,,,,,,,,,,
C3,F350,0.8,I,5.1-10cm,,,,,,,,,,,,,,,,,,,
C3,F350,0.8,S,0-1.3 m,15,,5,,1,,,,,,,,,,,,,,
C3,G000,1.26,I,0-5cm,,1,,,,,1,,,,,,,,,,,,
C3,G000,1.26,I,5.1-10cm,,0,,,,,,,,,,,,,,,,,
C3,G000,1.26,S,0-1.3 m,27,2,3,,,,,,1,,,,,,,,,,
C3,G100,3.99,I,0-5cm,,1,,,,,,,,,2,,,,,,,,
C3,G100,3.99,I,5.1-10cm,,,,,,,,,,,,,,,,,,,
C3,G100,3.99,S,0-1.3 m,,4,,,,,,,,,,,,,,,,,
C3,G250,1.26,I,0-5cm,0,,,,,,,,,,,,,,,,,,
C3,G250,1.26,I,5.1-10cm,0,,,,,,,,,,,,,,,,,,
C3,G250,1.26,S,0-1.3 m,13,,,,,,,,,,,,,,,,,,
C3,G350,2.52,I,0-5cm,0,,1,,,,,,,,,,,,,,,,
C3,G350,2.52,I,5.1-10cm,0,,,,,,,,,,,,,,,,,,
C3,G350,2.52,S,0-1.3 m,7,3,,,,,,,,,,,,,,,,,
C3,H000,3.99,I,0-5cm,,,,,,,,,,,,,,,,,,,
C3,H000,3.99,I,5.1-10cm,,2,,,,,,,,,1,,,,,,,,
C3,H000,3.99,S,0-1.3 m,22,12,3,1,,1,,,,,,,,,,,,,
C3,H100,3.99,I,0-5cm,1,1,,,,,,,,,,,,,,,,,
C3,H100,3.99,I,5.1-10cm,,1,,,,,,,,,,,,,,,,,
C3,H100,3.99,S,0-1.3 m,2,1,,,,,,,,,,,,,,,,,
C3,H200,3.99,I,0-5cm,0,,,,,,,,,,,,,,,,,,
C3,H200,3.99,I,5.1-10cm,0,,,,,,,,,,,,,,,,,,
C3,H200,3.99,S,0-1.3 m,15,,,,,,,,,,,,,,,,,,
C3,H300,2.52,I,0-5cm,,,,,,,,,,,,,,,,,,,
C3,H300,2.52,I,5.1-10cm,,,,,,,,,,,,,,,,,,,
C3,H300,2.52,S,0-1.3 m,4,2,,,7,,,,,,,,,,,,,,
C3,I000,1.26,I,0-5cm,4,,,,,,,,,,,,,,,,,,
C3,I000,1.26,I,5.1-10cm,0,,,,,,,,,,,,,,,,,,
C3,I000,1.26,S,0-1.3 m,5,2,,,,,,,,,,,,,,,,,few more Cw but too small to count
C3,I150,3.99,I,0-5cm,,,,,,,4,,,,,,,,,,,,
C3,I150,3.99,I,5.1-10cm,,,,,,,,,,,,,,,,,,,
C3,I150,3.99,S,0-1.3 m,28,3,6,1,,1,2,,,,,1,,,,,,,
C3,I300,3.99,I,0-5cm,0,,,,,,,,,,,,,,,,,,some regen but too small to be counted
C3,I300,3.99,I,5.1-10cm,0,1,,,,,,,,,,,,,,,,,
C3,I300,3.99,S,0-1.3 m,1,,,,,,,,,,,,,,,,,,
C3,J100,3.99,I,0-5cm,0,1,,,,,,,,,,,,,,,,,
C3,J100,3.99,I,5.1-10cm,0,,,,,,,,,,,,,,,,,,
C3,J100,3.99,S,0-1.3 m,17,,,,,,,,,,,,,,,,,,
C3,J250,3.99,I,0-5cm,0,,,,,,,,,,,,,,,,,,
C3,J250,3.99,I,5.1-10cm,0,,,,,,,,,,,,,,,,,,
C3,J250,3.99,S,0-1.3 m,0,4,,,,,,,,,,,,,,,,,
C3,K000,3.99,I,0-5cm,,,,,,,,,,,,,,,,,,,
C3,K000,3.99,I,5.1-10cm,,,,,,,,,,,,,,,,,,,
C3,K000,3.99,S,0-1.3 m,5,2,1,,,,,,,1,,,,,,,,,
C3,K100,3.99,I,0-5cm,,,,,,,,,,,,,,,,,,,
C3,K100,3.99,I,5.1-10cm,,,,,,,,,,,,,,,,,,,
C3,K100,3.99,S,0-1.3 m,14,1,,,,,,,,,,,,,,,,,
D2,A050,2.52,I,0-5cm,8,1,2,,1,,,,,,,,,,,,,,
D2,A050,2.52,I,5.1-10cm,,,,,,,,,,,,,,,,,,,
D2,A050,2.52,S,0-1.3 m,12,5,,,,,,,,,,,,,,,,,
D2,A150,3.99,I,0-5cm,5,,,,,,,,,,,,,,,,,,
D2,A150,3.99,I,5.1-10cm,2,,1,,,,,,,,,,,,,,,,
D2,A150,3.99,S,0-1.3 m,5,,,,,,,,,,,,,,,,,,
D2,B000,3.99,I,0-5cm,,1,,,3,,,,,,,,,,,,,,
D2,B000,3.99,I,5.1-10cm,1,,,,,,,,,,,,,,,,,,
D2,B000,3.99,S,0-1.3 m,1,1,1,,,,,,,,,,,,,,,,
D2,B100,3.99,I,0-5cm,11,,,,,,,,,,,,,,,,,,
D2,B100,3.99,I,5.1-10cm,2,,2,1,,,,,,,,,,,,,,,
D2,B100,3.99,S,0-1.3 m,7,,1,,,,,,,,,,,,,,,,
D2,B200,3.99,I,0-5cm,5,,,,,,,,,,,,,,,,,,
D2,B200,3.99,I,5.1-10cm,4,,,2,,,,,,,,,,,,,,,
D2,B200,3.99,S,0-1.3 m,4,,,,,,,,,,,,,,,,,,
D2,C100,2.52,I,0-5cm,2,2,,,,,,,,,,,,,,,,,
D2,C100,2.52,I,5.1-10cm,,,,,1,,,,,,,,,,,,,,
D2,C100,2.52,S,0-1.3 m,3,,,,,,,,,,,,,,,,,,
D2,C200,2.52,I,0-5cm,2,,,,,,,,,,,,,,,,,,
D2,C200,2.52,I,5.1-10cm,1,,,,,,,,,,,,,,,,,,
D2,C200,2.52,S,0-1.3 m,3,2,,,,,,,,,,,,,,,,,
D2,C350,2.52,I,0-5cm,0,,,,1,,,,,,,,,,,,,,no signs or ribbon  in the vicinity  of this plot
D2,C350,2.52,I,5.1-10cm,0,,,,,,,,,,,,,,,,,,exactly 50 m from last sign
D2,C350,2.52,S,0-1.3 m,9,1,,,,,,,,,,,,,,,,,
D2,D000,2.52,I,0-5cm,2,,,,,,,,,,,,,,,,,,
D2,D000,2.52,I,5.1-10cm,0,,1,,,,,,,,,,,,,,,,
D2,D000,2.52,S,0-1.3 m,6,1,,,,,,,,,,,,,,,,,
D2,D200,3.99,I,0-5cm,3,,,,,,,,,,,,,,,,,,
D2,D200,3.99,I,5.1-10cm,0,,2,2,,,,,,,,,,,,,,,
D2,D200,3.99,S,0-1.3 m,0,1,,,,,,,,,,,,,,,,,
D2,D300,2.52,I,0-5cm,1,3,,,,,,,,,,,,,,,,,
D2,D300,2.52,I,5.1-10cm,0,,,,,,,,,,,,,,,,,,
D2,D300,2.52,S,0-1.3 m,1,3,,,,,,,,,,,,,,,,,
D2,D450,1.26,I,0-5cm,6,,,,,,,,,,,,,,,,,,
D2,D450,1.26,I,5.1-10cm,3,,1,,,,,,,,,,,,,,,,
D2,D450,1.26,S,0-1.3 m,1,,,,,,,,,,,,,,,,,,
D2,E000,2.52,I,0-5cm,0,2,,,,,,,,,,,,,,,,,
D2,E000,2.52,I,5.1-10cm,1,,2,1,,,,,,,,,,,,,,,
D2,E000,2.52,S,0-1.3 m,4,2,,,,,,,,,,,,,,,,,
D2,E100,3.99,I,0-5cm,5,,,,,,,,,,,,,,,,,,
D2,E100,3.99,I,5.1-10cm,2,,1,,,,,,,,,,,,,,,,
D2,E100,3.99,S,0-1.3 m,1,,,,,,,,,,,,,,,,,,
D2,E200,3.99,I,0-5cm,,,,,,,,,,,,,,,,,,,
D2,E200,3.99,I,5.1-10cm,2,,1,2,,,,,,,,,,,,,,,
D2,E200,3.99,S,0-1.3 m,1,,,,,,,,,,,,,,,,,,
D2,E300,2.52,I,0-5cm,2,,,1,,,,,,,,,,,,,,,
D2,E300,2.52,I,5.1-10cm,1,,2,,,,,,,,,,,,,,,,
D2,E300,2.52,S,0-1.3 m,1,,,,,,,,,,,,,,,,,,
D2,F050,3.99,I,0-5cm,4,,1,,,,,,,,,,,,,,,,
D2,F050,3.99,I,5.1-10cm,,,,4,,,,,,,,,,,,,,,
D2,F050,3.99,S,0-1.3 m,,,1,,,,,,,,,,,,,,,,
D2,F150,3.99,I,0-5cm,11,,,,,,,,,,,,,,,,,,
D2,F150,3.99,I,5.1-10cm,3,,5,,,,,,,,,,,,,,,,
D2,F150,3.99,S,0-1.3 m,3,1,,,,,,,,,,,,,,,,,
D2,F250,2.52,I,0-5cm,4,,,,,,,,,,,,,,,,,,
D2,F250,2.52,I,5.1-10cm,0,,1,,,,,,,,,,,,,,,,
D2,F250,2.52,S,0-1.3 m,1,1,,,,,,,,,,,,,,,,,
D2,F350,2.52,I,0-5cm,4,,,,,,,,,,,,,,,,,,
D2,F350,2.52,I,5.1-10cm,0,,1,,,,,,,,,,,,,,,,
D2,F350,2.52,S,0-1.3 m,2,,,,,,,,,,,,,,,,,,
D3,A100,1.26,I,0-5cm,1,,,,,,,,,,,,,,,,,,See large tree plots for GPS coordinates
D3,A100,1.26,I,5.1-10cm,0,,,,,,,,,,,,,,,,,,
D3,A100,1.26,S,0-1.3 m,30,,,,,,,,,,,,,,,,,,
D3,B100,3.99,I,0-5cm,5,,,,,2,,,,,,,,,,,,,
D3,B100,3.99,I,5.1-10cm,1,,,,,,,,,,,,,,,,,,
D3,B100,3.99,S,0-1.3 m,21,1,,,,15,,,,,,,,,,,,,
D3,B300,3.99,I,0-5cm,4,,,,,,,,,,,,,,,,,,
D3,B300,3.99,I,5.1-10cm,0,,,,,,,,,,,,,,,,,,
D3,B300,3.99,S,0-1.3 m,7,,,,,,,,,,,,,,,,,,
D3,B450,3.99,I,0-5cm,,,,,,,,,,1,,,,,,,,,
D3,B450,3.99,I,5.1-10cm,,,,,,,,,,1,,,,,,,,,
D3,B450,3.99,S,0-1.3 m,3,,,,,1,,,,,,,,,,,,,
D3,C000,3.99,I,0-5cm,3,,,,,,,,,,,,,,,,,,
D3,C000,3.99,I,5.1-10cm,3,,,,,,,,,,,,,,,,,,
D3,C000,3.99,S,0-1.3 m,14,,,,,,,,,1,,,,,1,,,,
D3,C200,3.99,I,0-5cm,,,,,,,,,,2,,,,,,,,,
D3,C200,3.99,I,5.1-10cm,0,,,,,,,,,,,,,,,,,,
D3,C200,3.99,S,0-1.3 m,8,,,,,5,,,,,,,,,,,,,
D3,C350,2.52,I,0-5cm,2,1,,,,3,,,,,,,,,,,,,
D3,C350,2.52,I,5.1-10cm,1,,,,,,,,,,,,,,,,,,
D3,C350,2.52,S,0-1.3 m,2,6,,,,4,,,,1,,,,,,,,,
D3,C550,1.78,I,0-5cm,6,,,,,,,,,,,,,,,,,,
D3,C550,1.78,I,5.1-10cm,0,,,,,,,,,,,,,,,,,,
D3,C550,1.78,S,0-1.3 m,7,,,,,,,,,2,,,,,,,,,
D3,D200,3.99,I,0-5cm,0,,,,,,,,,,,,,,,,,,
D3,D200,3.99,I,5.1-10cm,0,,,,,,,,,,,,,,,,,,
D3,D200,3.99,S,0-1.3 m,13,,,,,,,,,,,,,,,,,,
D3,D350,3.99,I,0-5cm,2,,,,,,,,,3,,,,,,,,,
D3,D350,3.99,I,5.1-10cm,6,,,,,,,,,3,,,,,,,,,
D3,D350,3.99,S,0-1.3 m,1,,,,,2,,,,,,,,,,,,,
D3,D600,2.52,I,0-5cm,,,,,,1,,,,,,,,,,,,,
D3,D600,2.52,I,5.1-10cm,0,,,,,,,,,,,,,,,,,,
D3,D600,2.52,S,0-1.3 m,13,,,,,,,,,,,,,,,,,,
D3,E250,2.52,I,0-5cm,0,,,,,,,,,,,,,,,,,,
D3,E250,2.52,I,5.1-10cm,0,,,,,,,,,,,,,,,,,,
D3,E250,2.52,S,0-1.3 m,38,,,,,2,,,,,,,,,,,,,
D3,E400,3.99,I,0-5cm,1,,,,,1,,,,,,,,,,,,,
D3,E400,3.99,I,5.1-10cm,3,,,,,1,,,,,,,,,,,,,
D3,E400,3.99,S,0-1.3 m,14,,,,,,,,,,,,,,,,,,
D3,E650,3.99,I,0-5cm,0,,,,,,,,,,,,,,,,,,
D3,E650,3.99,I,5.1-10cm,0,,,,,,,,,,,,,,,,,,
D3,E650,3.99,S,0-1.3 m,14,,,,,1,,,,1,,,,,,,,,
D3,F200,3.99,I,0-5cm,5,,,,,,,,,2,,,,,,,,,
D3,F200,3.99,I,5.1-10cm,4,,,,,1,,,,1,,,,,,,,,
D3,F200,3.99,S,0-1.3 m,3,,,,,,,,,1,,,,,,,,,
D3,F400,3.99,I,0-5cm,,1,,,,,,,,,,,,,,,,,
D3,F400,3.99,I,5.1-10cm,1,,,,,,,,,,,,,,,,,,
D3,F400,3.99,S,0-1.3 m,2,5,,,,,,,,1,,,,,,,,,
D3,F550,3.99,I,0-5cm,3,,,,,,,,,4,,,,,,,,,
D3,F550,3.99,I,5.1-10cm,3,,,,,,,,,2,,,,,,,,,
D3,F550,3.99,S,0-1.3 m,1,,,,,,,,,1,,,,,,,,,
D3,G000,3.99,I,0-5cm,,,,,,,,,,1,,,,,,,,,
D3,G000,3.99,I,5.1-10cm,1,,,,,,,,,3,,,,,,,,,
D3,G000,3.99,S,0-1.3 m,3,,,,,2,,,,,,,,,,,,,
D3,G150,2.52,I,0-5cm,2,,,,,,,,,,,,,,,,,,
D3,G150,2.52,I,5.1-10cm,1,,,,,,,,,,,,,,,,,,
D3,G150,2.52,S,0-1.3 m,2,,,,,,,,,,,,,,,,,,
D3,G300,3.99,I,0-5cm,0,,,,,,,,,,,,,,,,,,
D3,G300,3.99,I,5.1-10cm,,,,,,,,,,2,,,,,,,,,
D3,G300,3.99,S,0-1.3 m,,,,,,1,,,,,,,,,,,,,
D4,A050,1.26,I,0-5cm,18,,,,,,,,,,,,,,,,,,
D4,A050,1.26,I,5.1-10cm,0,,,,,,,,,,,,,,,,,,
D4,A050,1.26,S,0-1.3 m,15,,,,,,,,,,,,,,,,,,
D4,B050,2.52,I,0-5cm,0,,,,,,,,,,,,,,,,,,
D4,B050,2.52,I,5.1-10cm,0,,,,,,,,,,,,,,,,,,
D4,B050,2.52,S,0-1.3 m,14,8,,,,4,,,,,,,,1,,,,,
D4,B150,2.52,I,0-5cm,4,2,,,,,,,,,,,,,,,,,
D4,B150,2.52,I,5.1-10cm,3,1,,,,,,,,,,,,,,,,,
D4,B150,2.52,S,0-1.3 m,7,5,,,,,,,,,,,,,,,,,
D4,B250,3.99,I,0-5cm,8,,,,,1,,,,,,,,,,,,,
D4,B250,3.99,I,5.1-10cm,0,,,,,,,,,,,,,,,,,,
D4,B250,3.99,S,0-1.3 m,8,,,,,,,,,,,,,,,,,,
D4,C000,1.78,I,0-5cm,13,,,,,,,,,,,,,,,,,,
D4,C000,1.78,I,5.1-10cm,0,,,,,,,,,,,,,,,,,,
D4,C000,1.78,S,0-1.3 m,12,,,,,,,,,,,,,,,,,,
D4,C150,3.99,I,0-5cm,2,5,,,,,,,,,,,,,,,,,1 Cw is horizontal
D4,C150,3.99,I,5.1-10cm,1,1,,3,,,,,,,,,,,,,,,
D4,C150,3.99,S,0-1.3 m,1,1,,,,,,,,,,,,,,,,,
D4,C250,1.78,I,0-5cm,3,,,,,,,,,,,,,,,,,,
D4,C250,1.78,I,5.1-10cm,0,,,,,,,,,,,,,,,,,,
D4,C250,1.78,S,0-1.3 m,11,,,,,,,,,,,,,,,,,,
D4,C350,1.26,I,0-5cm,7,,,,,,,,,,,,,,,,,,
D4,C350,1.26,I,5.1-10cm,2,,,,,,,,,,,,,,,,,,
D4,C350,1.26,S,0-1.3 m,4,2,1,,,,,,,,,,,,,,,,
D4,D050,1.78,I,0-5cm,7,,,,,,,,,,,,,,,,,,
D4,D050,1.78,I,5.1-10cm,0,,,,,,,,,,,,,,,,,,
D4,D050,1.78,S,0-1.3 m,9,,,,,,,,,,,,,,,,,,
D4,D150,2.52,I,0-5cm,4,1,1,,,,,,,,,,,,,,,,
D4,D150,2.52,I,5.1-10cm,0,,,,,,,,,,,,,,,,,,
D4,D150,2.52,S,0-1.3 m,18,6,2,,,,,,,,,,,,,,,,
D4,D250,1.78,I,0-5cm,1,,,,,1,,,,,,,,,,,,,
D4,D250,1.78,I,5.1-10cm,0,,,,,,,,,,,,,,,,,,
D4,D250,1.78,S,0-1.3 m,26,,,,,,,,,,,,,,,,,,
D4,D350,3.99,I,0-5cm,2,,,,,,,,,,,,,,,,,,
D4,D350,3.99,I,5.1-10cm,0,,,,,,,,,,,,,,,,,,
D4,D350,3.99,S,0-1.3 m,14,,2,,,,,,,,,,,,,,,,
D4,D500,3.99,I,0-5cm,0,,,,,,,,,,,,,,,,,,
D4,D500,3.99,I,5.1-10cm,0,,,,,,,,,,,,,,,,,,
D4,D500,3.99,S,0-1.3 m,0,,,,,,,,,,,,,,,,,,
D4,E000,1.78,I,0-5cm,2,1,,,1,,,,,,,,,,,,,,
D4,E000,1.78,I,5.1-10cm,,,5,,1,,,,,,,,,,,,,,
D4,E000,1.78,S,0-1.3 m,20,,,,,,,,,,,,,,,,,,
D4,E100,1.78,I,0-5cm,1,,,,,1,,,,,,,,,,,,,
D4,E100,1.78,I,5.1-10cm,0,,,,,,,,,,,,,,,,,,
D4,E100,1.78,S,0-1.3 m,44,,,,,,,,,,,,,,,,,,
D4,E200,2.52,I,0-5cm,6,1,,,,,,,,,,,,,,,,,
D4,E200,2.52,I,5.1-10cm,1,,,,,,,,,,,,,,,,,,
D4,E200,2.52,S,0-1.3 m,2,,,,,,,,,,,,,,,,,,
D4,E300,2.52,I,0-5cm,7,,,,,,,,,,,,,1,,,,,
D4,E300,2.52,I,5.1-10cm,2,,,,1,,,,,,,,,,,,,,
D4,E300,2.52,S,0-1.3 m,9,,,,,,,,,,,,,,,,,,
D4,E400,1.26,I,0-5cm,12,,,,,,,,,,,,,,,,,,
D4,E400,1.26,I,5.1-10cm,0,,,,,,,,,,,,,,,,,,
D4,E400,1.26,S,0-1.3 m,9,,,,,,,,,,,,,,,,,,
D4,E500,2.52,I,0-5cm,6,,,,,1,,,,,,,,,,,,,
D4,E500,2.52,I,5.1-10cm,,1,,,,,,,,,,,,,,,,,
D4,E500,2.52,S,0-1.3 m,17,,,,,,,,,,,,,,,,,,
D4,E600,1.78,I,0-5cm,9,1,,,,4,,,,,,,,,,,,,
D4,E600,1.78,I,5.1-10cm,,,,,,1,,,,,,,,,,,,,
D4,E600,1.78,S,0-1.3 m,5,,,,,,,,,,,,,,,,,,
D4,F050,2.52,I,0-5cm,3,,,,,4,,,,,,,,,,,,,
D4,F050,2.52,I,5.1-10cm,,,,,,1,,,,,,,,,,,,,
D4,F050,2.52,S,0-1.3 m,15,,,,,,,,,1,,,,,,,,,
D4,F150,1.78,I,0-5cm,3,1,1,,,,,,,,,,,,,,,,
D4,F150,1.78,I,5.1-10cm,0,,,,,,,,,,,,,,,,,,
D4,F150,1.78,S,0-1.3 m,17,,,,,,,,,,,,,,,,,,
D4,F250,3.99,I,0-5cm,4,,1,,,,,,,,,,,,,,,,
D4,F250,3.99,I,5.1-10cm,0,,,,,,,,,,,,,,,,,,
D4,F250,3.99,S,0-1.3 m,1,,3,,,,,,,,,,,,,,,,
D4,F350,1.26,I,0-5cm,1,,,,,,,,,,,,,,,,,,
D4,F350,1.26,I,5.1-10cm,0,,,,,,,,,,,,,,,,,,
D4,F350,1.26,S,0-1.3 m,11,,,,,,,,,,,,,,,,,,
D4,G050,2.52,I,0-5cm,1,1,1,,,4,,,,,,,,,,,,,
D4,G050,2.52,I,5.1-10cm,1,,,,,,,,,,,,,,,,,,
D4,G050,2.52,S,0-1.3 m,5,,,,,4,,,,,,,,,,,,,
D4,G150,2.52,I,0-5cm,1,,,,,1,,,,,,,,,,,,,
D4,G150,2.52,I,5.1-10cm,,,,,,,,,,,,,,,,,,,
D4,G150,2.52,S,0-1.3 m,41,3,2,,,1,,,,,,,,,,,,,
D4,G250,2.52,I,0-5cm,1,,,,,,,,,,,,,,,,,,
D4,G250,2.52,I,5.1-10cm,,,1,,,,,,,,,,,,,,,,
D4,G250,2.52,S,0-1.3 m,40,1,,,,,,,,,,,,,,,,,
D4,G350,2.52,I,0-5cm,11,,,,,,,,,,,,,,,,,,
D4,G350,2.52,I,5.1-10cm,1,,,,,,,,,,,,,,,,,,
D4,G350,2.52,S,0-1.3 m,6,,,,,,,,,3,,,,,,,,,
D4,H000,1.78,I,0-5cm,13,,,,,,,,,,,,,,,,,,
D4,H000,1.78,I,5.1-10cm,1,,,,,,,,,,,,,,,,,,
D4,H000,1.78,S,0-1.3 m,6,4,,,,,,,,1,,,,,,,,,
D4,H100,3.99,I,0-5cm,7,,,,,,,,,1,,,,,,,,,
D4,H100,3.99,I,5.1-10cm,5,,,,,,,,,,,,,,,,,,
D4,H100,3.99,S,0-1.3 m,4,,,,,,,,,1,,,,,,,,,
D5,A050,0.8,I,0-5cm,1,,,,,,,,,,,,,,,,,,See large tree plots for GPS coordinates
D5,A050,0.8,I,5.1-10cm,0,,,,,,,,,,,,,,,,,,
D5,A050,0.8,S,0-1.3 m,53,,,,,,,,,1,,,,,,,,,
D5,A150,1.78,I,0-5cm,2,,,,,,,,,,,,,,,,,,
D5,A150,1.78,I,5.1-10cm,0,,,,,,,,,,,,,,,,,,
D5,A150,1.78,S,0-1.3 m,14,,,,,,,,,,,,,,,,,,
D5,A250,2.52,I,0-5cm,0,,,,,,,,,,,,,,,,,,
D5,A250,2.52,I,5.1-10cm,,,,,,1,,,,,,,,,,,,,
D5,A250,2.52,S,0-1.3 m,8,,,,,1,,,,,,,,,,,,,
D5,B100,1.78,I,0-5cm,,,1,,,,,,,,,,,,,,,,
D5,B100,1.78,I,5.1-10cm,0,,,,,,,,,,,,,,,,,,
D5,B100,1.78,S,0-1.3 m,6,,1,,,14,,,,,,,,,,,,,
D5,B450,2.52,I,0-5cm,4,,,,,,,,,,,,,,,,,,
D5,B450,2.52,I,5.1-10cm,,,,,1,,,,,,,,,1,,,,,
D5,B450,2.52,S,0-1.3 m,16,4,,,,,,,,,,,,,,,,,
D5,C050,0.8,I,0-5cm,,,,,,1,,,,,,,,,,,,,
D5,C050,0.8,I,5.1-10cm,0,,,,,,,,,,,,,,,,,,
D5,C050,0.8,S,0-1.3 m,8,,,,,11,,,,,,,,,,,,,
D5,C150,1.26,I,0-5cm,7,,,,,2,,,,,,,,,,,,,
D5,C150,1.26,I,5.1-10cm,0,,,,,,,,,,,,,,,,,,
D5,C150,1.26,S,0-1.3 m,23,,,,,9,,,,,,,,,,,,,
D5,C250,2.52,I,0-5cm,4,,,,,1,,,,,,,,,,,,,
D5,C250,2.52,I,5.1-10cm,1,,,,,,,,,,,,,,,,,,
D5,C250,2.52,S,0-1.3 m,11,,,,,1,,,,,,,,,,,,,
D5,C350,3.99,I,0-5cm,2,,,,,5,,,,,,,,,,,,,
D5,C350,3.99,I,5.1-10cm,3,,,,,1,,,,,,,,,,,,,1 Hw horizontal 
D5,C350,3.99,S,0-1.3 m,31,2,,,,7,,,,,,,,,,,,,
D5,C450,3.99,I,0-5cm,1,,,,1,,,,,,,,,,,,,,
D5,C450,3.99,I,5.1-10cm,0,,,,,,,,,,,,,,,,,,
D5,C450,3.99,S,0-1.3 m,26,,,,1,,,,,,,,,,,,,,
D5,D000,1.26,I,0-5cm,1,,,,,1,,,,,,,,,,,,,
D5,D000,1.26,I,5.1-10cm,0,,,,,,,,,,,,,,,,,,
D5,D000,1.26,S,0-1.3 m,19,,,,,13,,,,,,,,,,,,,
D5,D100,0.8,I,0-5cm,6,,,,,,,,,,,,,,,,,,
D5,D100,0.8,I,5.1-10cm,0,,,,,,,,,,,,,,,,,,
D5,D100,0.8,S,0-1.3 m,10,,,,,1,,,,,,,,,,,,,
D5,D200,0.8,I,0-5cm,0,,,,,,,,,,,,,,,,,,
D5,D200,0.8,I,5.1-10cm,0,,,,,,,,,,,,,,,,,,
D5,D200,0.8,S,0-1.3 m,57,,2,,,3,,,,,,,,,,,,,
D5,D300,3.99,I,0-5cm,,1,,,,,,,,,,,,,,,,,
D5,D300,3.99,I,5.1-10cm,0,,,,,,,,,,,,,,,,,,
D5,D300,3.99,S,0-1.3 m,22,1,,,,,,,,,,,,,,,,,
D5,D400,2.52,I,0-5cm,0,,,,,,,,,,,,,,,,,,
D5,D400,2.52,I,5.1-10cm,0,,,,,,,,,,,,,,,,,,
D5,D400,2.52,S,0-1.3 m,28,,,,,1,,,,,,,,,,,,,
D5,E000,2.52,I,0-5cm,5,,,,,1,,,,,,,,,,,,,
D5,E000,2.52,I,5.1-10cm,1,,,,,1,,,,1,,,,,,,,,
D5,E000,2.52,S,0-1.3 m,3,,,,,1,,,,,,,,,,,,,
D5,E100,1.78,I,0-5cm,,,1,,,,,,,,,,,,,,,,
D5,E100,1.78,I,5.1-10cm,0,,,,,,,,,,,,,,,,,,
D5,E100,1.78,S,0-1.3 m,27,,,,,1,,,,,,,,,,,,,
D5,E200,1.26,I,0-5cm,1,,1,,,,,,,,,,,,,,,,
D5,E200,1.26,I,5.1-10cm,0,,,,,,,,,,,,,,,,,,
D5,E200,1.26,S,0-1.3 m,31,,,,,12,,,,,,,,,,,,,
D5,E300,2.52,I,0-5cm,,,1,,,,,,,,,,,,,,,,
D5,E300,2.52,I,5.1-10cm,0,,,,,,,,,,,,,,,,,,
D5,E300,2.52,S,0-1.3 m,6,5,,,,2,,,,,,,,,,,,,
D5,E400,2.52,I,0-5cm,1,,,,,1,,,,,,,,,,,,,
D5,E400,2.52,I,5.1-10cm,0,,,,,,,,,,,,,,,,,,
D5,E400,2.52,S,0-1.3 m,7,,,,,4,,,,,,,,,,,,,
D5,F050,2.52,I,0-5cm,0,,,,,,,,,,,,,,,,,,
D5,F050,2.52,I,5.1-10cm,0,,,,,,,,,,,,,,,,,,
D5,F050,2.52,S,0-1.3 m,14,1,1,,,3,,,,,,,,,,,,,
D5,F150,2.52,I,0-5cm,0,,,,,,,,,,,,,,,,,,
D5,F150,2.52,I,5.1-10cm,0,,,,,,,,,,,,,,,,,,
D5,F150,2.52,S,0-1.3 m,13,,,,,9,,,,,,,,,,,,,
D5,F250,2.52,I,0-5cm,0,,,,,,,,,,,,,,,,,,
D5,F250,2.52,I,5.1-10cm,0,,,,,,,,,,,,,,,,,,
D5,F250,2.52,S,0-1.3 m,3,,,,,26,,,,,,,,,,,,,
D5,F350,1.78,I,0-5cm,0,,,,,,,,,,,,,,,,,,
D5,F350,1.78,I,5.1-10cm,0,,,,,,,,,,,,,,,,,,
D5,F350,1.78,S,0-1.3 m,7,,,,,13,,,,,,,,,,,,,
D5,G000,2.52,I,0-5cm,12,,,,,,,,,,,,,,,,,,
D5,G000,2.52,I,5.1-10cm,1,,,,,,,,,,,,,,1,,,,
D5,G000,2.52,S,0-1.3 m,6,,,,,,,,,3,,,,,,,,,
D5,G100,1.26,I,0-5cm,0,,,,,,,,,,,,,,,,,,
D5,G100,1.26,I,5.1-10cm,0,,,,,,,,,,,,,,,,,,
D5,G100,1.26,S,0-1.3 m,23,1,,,,13,,,,,,,,,,,,,
D5,G200,2.52,I,0-5cm,0,,,,,,,,,,,,,,,,,,
D5,G200,2.52,I,5.1-10cm,0,,,,,,,,,,,,,,,,,,
D5,G200,2.52,S,0-1.3 m,20,,,,,,,,,,,,,,,,,,
D5,G300,1.78,I,0-5cm,0,,,,,,,,,,,,,,,,,,
D5,G300,1.78,I,5.1-10cm,0,,,,,,,,,,,,,,,,,,
D5,G300,1.78,S,0-1.3 m,5,,,,,22,,,,,,,,,,,,,
D5,H000,3.99,I,0-5cm,4,,2,1,,,,,,,,,,,,,,,
D5,H000,3.99,I,5.1-10cm,,,,,,,,,,1,,,,,,,,,
D5,H000,3.99,S,0-1.3 m,11,3,,,,2,,,,,,,,,,,,,
D5,H100,1.78,I,0-5cm,,,,,,8,,,,,,,,,,,,,
D5,H100,1.78,I,5.1-10cm,0,,,,,,,,,,,,,,,,,,
D5,H100,1.78,S,0-1.3 m,4,,,,,6,,,,,,,,,,,,,
